perfil_id,usuario_id,percentual_completude,onboarding_concluido,cidade,area_artistica,disponivel_para_mentorar,perfil_mentor_configurado,recebe_notificacoes,entrou_fila,n_obras,n_obras_publicadas,diversidade_midia,curtidas_recebidas,comentarios_recebidos,n_links,n_tags_necessidade,n_tags_expertise,n_mentorias_mentor,n_mentorias_artista,n_notificacoes,seguidores,seguindo,curtidas_dadas,comentarios_feitos,tem_bio,tem_foto,tem_cidade,tem_area,idade_conta_dias,n_rascunhos,media_curtidas_por_obra,razao_seg
3acc55e8-c333-453d-aa1b-5a9e608ccced,a7e14df5-e9e1-4ec4-a541-d845c83d270b,80,1,Salvador,Circo,0,0,1,0,0,0,0,0,0,2,2,1,0,1,4,3,0,17,0,0,0,1,1,87,0,0.0,0.0
ad9bbbd5-e03f-46d1-b693-560c9bf01e58,d9c538bb-06e9-447f-9c33-42cb3e706733,70,0,Não informado,Dança,0,0,1,0,1,0,1,0,0,3,2,2,0,1,2,5,2,14,1,0,1,0,1,709,1,0.0,2.5
6f8e9175-a31d-42d2-8af1-3fa1087ded2f,c9b64399-32df-46b3-b72b-e348a72b50a9,85,1,Cabo de Santo Agostinho,Performance,1,0,1,0,0,0,0,0,0,0,1,1,0,0,2,1,0,16,1,0,1,1,1,165,0,0.0,0.0
9d75857c-22b6-4aba-a83a-b6d568a9c1f5,78e94db3-8f6d-4d1e-9632-1ed695cd08cf,75,1,Jaboatão dos Guararapes,Teatro,1,1,1,1,2,2,2,4,4,0,3,0,4,2,3,5,10,20,1,0,0,1,1,539,0,2.0,0.5
8097385b-38dc-4063-99f7-ec576ebdd3e9,bbe3b174-e1ea-4f24-8a70-74fbfc72fb4a,65,1,Olinda,Artesanato,0,0,1,1,3,3,2,2,0,1,0,2,0,0,2,5,0,26,1,1,0,1,1,136,0,0.6666666666666666,0.0
84a66847-ee4c-4790-812f-aee867611626,c6b91020-4748-43a8-9985-8488cc72e22f,75,1,Camaragibe,Artesanato,1,0,1,1,2,1,2,2,0,0,4,1,0,0,2,3,0,20,4,0,0,1,1,543,1,2.0,0.0
de4d4bb8-6414-4ba3-a51a-dba513da329f,2b38d12b-3c41-4650-a64a-76ebf75a5b86,95,1,Caruaru,Audiovisual,0,0,1,0,1,1,1,1,0,0,2,1,0,1,1,5,0,13,2,1,1,1,1,216,0,1.0,0.0
030c71d3-eff2-49f3-846e-5fb673871759,52f45d9b-70bf-448a-b6c0-add4fc02ba6a,75,1,Jaboatão dos Guararapes,Música,0,0,0,1,2,2,2,1,0,0,2,3,0,0,0,9,4,13,6,0,0,1,1,603,0,0.5,2.25
79e78400-c87a-47a4-a85c-639a88300f4e,018bf835-1c79-436b-abc9-740e0aa00219,90,1,Caruaru,Artes Visuais,0,0,1,1,3,2,2,2,0,1,4,1,0,0,0,4,4,23,3,0,1,1,1,619,1,1.0,1.0
aba1554c-e3ff-46ca-aa09-caaecf0b1813,3e28b451-b4cd-40f2-bc1a-b81aee444549,75,1,Olinda,Audiovisual,0,0,1,0,0,0,0,0,0,0,4,2,0,1,3,0,0,17,3,0,0,1,1,319,0,0.0,0.0
8ebb8169-ea34-406e-9a09-9ec83c14b846,53decfb5-11f8-4b0b-befb-da22a6ae03d0,80,0,Olinda,Música,0,0,0,0,8,8,2,44,8,3,4,1,0,2,0,11,17,21,3,0,0,1,1,611,0,5.5,0.6470588235294118
37a681ce-18dc-43f3-aad3-cb449940f148,c16f6caa-f19a-4adf-908f-f63ffb1cd6b3,80,1,Não informado,Artes Visuais,0,0,1,1,9,8,2,78,6,3,1,4,0,1,4,12,21,8,2,1,1,0,1,630,1,9.75,0.5714285714285714
5de9fecb-dbac-4f18-b055-c83e7dc11618,a44687c1-c72f-42f1-afb7-08f34aae05ed,60,1,Camaragibe,Teatro,0,0,1,0,0,0,0,0,0,0,0,3,0,0,1,1,4,23,3,0,1,1,1,551,0,0.0,0.25
40b8a51b-fc71-444b-9136-87faf1106e5f,79ac2982-a0b6-4fca-a770-25e5c0891184,55,1,Fortaleza,Audiovisual,0,0,1,0,3,3,1,0,4,3,0,0,0,0,4,2,0,18,0,0,0,1,1,454,0,0.0,0.0
a61f684a-54f8-4664-a409-e3f9e5971243,d2413832-e270-4090-bb35-ed154bdca601,65,0,Caruaru,Artes Visuais,0,0,1,0,1,1,1,1,0,2,0,3,0,0,0,3,2,14,1,1,0,1,1,102,0,1.0,1.5
38382018-a1c6-4d9b-9b7c-bacfcc3187cf,7f46cfb0-e9c0-4e07-a27e-c5dca5cb896e,70,1,Não informado,Artes Visuais,0,0,1,1,9,7,3,48,13,3,1,0,0,1,0,8,14,24,4,0,1,0,1,508,2,6.857142857142857,0.5714285714285714
b70e4db7-6e75-42a6-98f4-a25154ee3792,b132df21-7d55-4e5c-b303-2d945306856e,85,1,Jaboatão dos Guararapes,Performance,0,0,1,0,4,2,2,2,1,0,1,1,0,0,3,2,0,19,1,0,1,1,1,607,2,1.0,0.0
161dd9f4-89ef-4acc-9809-81c7635bcaea,8ae718a9-4a58-4d3d-a897-cc33cebafbd2,55,1,São Paulo,Performance,0,0,1,0,2,2,2,0,1,2,0,0,0,1,0,2,0,12,2,0,0,1,1,544,0,0.0,0.0
196614c7-02de-45bd-8fd5-6c01ad74c324,3a393375-5da7-4362-b5d1-6065cbd60983,90,1,Paulista,Artesanato,0,0,1,1,4,4,3,53,0,3,4,0,0,0,4,12,2,15,1,1,0,1,1,607,0,13.25,6.0
900c0a35-33a7-4922-9688-74d1a804ca53,f9b628d5-38eb-41b2-a165-ac29dc0c24c4,50,0,Belo Horizonte,Literatura,0,0,1,0,2,2,1,2,0,0,0,0,0,1,2,2,0,17,3,0,0,1,1,172,0,1.0,0.0
8197d954-0474-404b-93fa-75532a278f17,a26ca21a-058f-4db0-bcf0-271464a2f165,65,1,Caruaru,Não informado,1,1,0,0,0,0,0,0,0,0,4,0,3,1,0,0,0,18,3,1,1,1,0,671,0,0.0,0.0
cc3e82c1-9dbb-4cef-b3a6-943da1bd1c97,8e05976b-df6f-493b-8460-8913eccc4e02,70,0,Não informado,Artes Visuais,1,0,1,1,5,4,3,27,0,1,3,3,0,0,3,8,4,14,1,1,0,0,1,108,1,6.75,2.0
573d879d-8c13-4faf-9b62-82d836d9d7c9,7bfd4f1b-bba5-48c8-bb2d-47c41cafb10f,90,1,Olinda,Música,0,0,1,0,0,0,0,0,0,1,4,1,0,1,4,0,0,14,5,1,0,1,1,58,0,0.0,0.0
7b87b4d3-b419-4d5e-a937-56c83fd69891,2fceb45b-a0ff-49f0-b4f6-ed3ff231d7f3,55,0,Fortaleza,Não informado,0,0,1,1,5,5,2,44,7,0,3,0,0,0,2,6,16,16,4,0,1,1,0,259,0,8.8,0.375
7851a41a-5984-4f0c-ba6e-f51e9130e809,20dfc0bb-a619-4cba-b769-8f67679e8009,90,0,Rio de Janeiro,Literatura,0,0,1,1,1,1,1,2,0,1,4,0,0,2,2,2,0,13,0,0,1,1,1,170,0,2.0,0.0
f6cafa87-9b1a-4801-875a-74ff14593da3,0423c39c-b413-48d3-be8f-8cce19174c8e,75,1,Rio de Janeiro,Dança,1,1,1,0,0,0,0,0,0,0,3,2,2,1,4,0,0,18,2,0,0,1,1,119,0,0.0,0.0
9a209118-9601-4a8f-852f-9e7b2feca11a,9e6bd92a-237a-417f-83a3-4ad2bcd97783,75,1,Caruaru,Artes Visuais,0,0,1,1,2,2,2,5,1,2,0,2,0,0,1,4,4,15,6,1,1,1,1,578,0,2.5,1.0
8f1641f3-8461-4779-83bc-c5ff60c4c58c,a8398e56-8a6f-4237-bf5f-7d927198b76a,60,0,Não informado,Artesanato,0,0,1,0,0,0,0,0,0,1,4,1,0,0,0,1,0,20,0,0,0,0,1,295,0,0.0,0.0
47ea4821-8ad5-434a-b4de-657d642b4063,162e6e7f-072f-4bd8-99b5-58db42c32d6b,85,1,Salvador,Dança,0,0,1,0,0,0,0,0,0,0,1,1,0,0,4,0,0,15,1,1,0,1,1,175,0,0.0,0.0
4dcd9fcf-f01c-4030-b561-7d60ac97767b,a4e96adc-f65e-48aa-90dc-5b15cb834e85,90,1,Camaragibe,Literatura,0,0,1,1,6,3,2,41,0,1,3,4,0,0,1,8,0,17,3,1,0,1,1,64,3,13.666666666666666,0.0
7a861d9a-9a37-46d7-8921-7ece4e1d23e8,c1dd333e-7211-435f-8f41-637aaf519408,85,1,Olinda,Música,0,0,1,1,7,7,3,52,6,0,3,2,0,0,2,5,0,20,2,1,0,1,1,167,0,7.428571428571429,0.0
c6f0f221-3991-4abb-8067-07ea81b1937f,3bdc9136-c4b6-4132-acf6-a4afafa070c4,100,1,Fortaleza,Música,1,1,1,1,4,2,3,28,7,3,1,3,0,1,3,8,17,16,3,1,1,1,1,534,2,14.0,0.47058823529411764
29c67cff-220c-4353-9888-199bf36a7500,5e9b778f-ef56-427b-9c08-97f1c6d5ddd9,65,1,São Paulo,Fotografia,0,0,0,0,0,0,0,0,0,3,0,1,0,0,0,1,0,16,1,1,0,1,1,259,0,0.0,0.0
32503d57-de94-4d99-89ec-e4d22f1031e2,c5d7b38c-d9bb-4b6d-8c3f-654733ed7384,55,0,Não informado,Literatura,0,0,1,1,10,7,3,48,8,3,0,1,0,0,1,9,18,14,4,1,1,0,1,188,3,6.857142857142857,0.5
020a91cc-fbb9-40bd-87ae-5bf5f644392b,9234ee6d-dfa7-4c6d-b714-f07765dd06d5,80,1,Garanhuns,Circo,0,0,1,0,1,1,1,0,0,1,4,2,0,0,1,1,0,16,3,0,0,1,1,180,0,0.0,0.0
9903ade9-6dbe-47d9-aacb-591c84f617df,75b43b44-39fa-41e3-a546-090971de7fce,95,1,Camaragibe,Fotografia,1,0,1,1,7,5,2,21,8,0,2,3,0,0,0,5,5,17,1,1,1,1,1,707,2,4.2,1.0
e7caa4c0-71be-4e14-b627-2b4f551472d9,c65aac2e-5056-4294-a207-2924d2ff7109,90,1,Salvador,Literatura,0,0,1,1,6,5,3,16,2,1,4,2,0,1,2,4,11,20,1,1,0,1,1,657,1,3.2,0.36363636363636365
42885ff8-02e6-4e3c-b91a-0db9c26df4ef,c01ee682-6939-4ad6-bafa-ab7de20d5a12,80,1,Paulista,Artes Visuais,1,1,1,1,5,3,3,22,4,2,2,4,4,0,2,11,7,18,1,0,0,1,1,581,2,7.333333333333333,1.5714285714285714
e2c0d650-e9f0-4507-9128-3fe6edefba6a,cf428a72-142e-4fe7-bc3a-8579f88f686a,40,1,Não informado,Teatro,0,0,1,0,5,5,3,13,1,0,0,1,0,2,1,4,2,14,1,1,0,0,1,387,0,2.6,2.0
7342a600-8cba-46de-944d-0bedcdef278c,79a4f1ee-bbe9-45d5-917f-4ead7906eafd,90,1,São Paulo,Música,0,0,1,1,9,8,3,67,9,3,2,2,0,0,2,6,14,15,1,1,0,1,1,127,1,8.375,0.42857142857142855
2f961646-5f02-4779-84a8-700e8195bd0b,da448611-79fb-4868-99d7-c8cf564c1da1,85,1,Olinda,Circo,0,0,0,0,0,0,0,0,0,0,2,2,0,1,0,2,0,24,2,0,1,1,1,608,0,0.0,0.0
9de2b805-36fa-400e-9581-91234930389d,5b04bc33-6712-4fc2-842f-19a43ba24c4a,90,1,Recife,Artesanato,0,0,1,0,0,0,0,0,0,1,3,2,0,0,0,1,3,20,3,1,0,1,1,209,0,0.0,0.3333333333333333
d2dbad5e-bae8-4285-8b19-6a01fb88404a,da466f80-3336-4234-a78a-df9f60fc5d05,75,1,Cabo de Santo Agostinho,Fotografia,0,0,1,1,1,0,1,0,0,0,4,0,0,0,1,1,4,15,1,0,0,1,1,327,1,0.0,0.25
ecac7d65-2e68-46d1-a8e8-a89042bff6da,98b86e5d-a888-4a6b-8be8-8b0284483a5b,55,0,Cabo de Santo Agostinho,Não informado,0,0,1,0,0,0,0,0,0,0,2,1,0,1,0,0,0,16,2,1,0,1,0,371,0,0.0,0.0
6c362ce6-c60a-4150-bbf9-dc708a9645c3,ce3c7bde-bdaf-4ef0-9fc3-cf3169da71e1,60,1,Rio de Janeiro,Não informado,0,0,1,1,6,5,3,23,0,1,4,2,0,0,0,3,6,21,2,0,1,1,0,466,1,4.6,0.5
952e8105-affd-4c5f-b267-1005601344d5,f76c248e-7e55-4c0e-b5de-5e84c8047134,80,0,Cabo de Santo Agostinho,Dança,0,0,1,0,1,1,1,0,0,2,3,4,0,0,0,1,0,21,0,0,0,1,1,65,0,0.0,0.0
d6948917-3f78-4f38-ac4b-4a7e18616c1b,c1bdcf3e-1ebd-4a7e-b239-072c2531ecec,70,0,Não informado,Artesanato,0,0,1,1,8,6,2,9,5,1,2,3,0,1,1,5,2,12,5,1,0,0,1,671,2,1.5,2.5
a21b9629-698a-4784-bd35-33b40b632ddc,b2d35cc0-6f3d-45a5-9eef-bbca5d3afd23,55,1,Não informado,Música,1,0,1,1,6,4,2,18,4,0,1,2,0,0,2,7,0,18,1,0,0,0,1,149,2,4.5,0.0
3aa1a5fb-2736-4daf-a365-6c92e4a28ece,91cc5a14-e444-41fb-9d5a-3595564ef625,70,1,Paulista,Circo,0,0,1,1,2,2,2,12,0,0,0,4,0,0,4,5,4,16,0,1,1,1,1,343,0,6.0,1.25
13974f2e-37bf-4c9a-a55a-6abf594c806b,4b96748c-bda8-4a33-86c9-39a79d55670a,95,0,Paulista,Literatura,1,0,1,1,1,1,1,0,0,0,2,0,0,1,4,2,6,19,1,1,1,1,1,431,0,0.0,0.3333333333333333
862c2a73-97b9-4c0d-9f61-a7fd657f89b2,b9cfdd45-039b-4f3c-8575-35655ee77a79,100,1,Paulista,Música,0,0,1,1,5,4,4,46,3,3,1,2,0,0,1,6,2,26,2,1,1,1,1,258,1,11.5,3.0
2bb89f81-9dad-495a-bcb0-c250d6a60287,bb6b8ad8-6422-441b-93f0-b1e33362418d,80,0,Fortaleza,Circo,0,0,0,0,0,0,0,0,0,3,1,0,0,0,0,1,4,9,5,0,0,1,1,574,0,0.0,0.25
27dd3a6b-976e-4a5e-a3e0-a860466428fe,462d2538-dbd4-45b6-ba39-8d17b6fa9634,100,1,São Paulo,Fotografia,1,1,1,1,6,3,3,34,2,3,3,1,4,0,0,9,4,19,1,1,1,1,1,73,3,11.333333333333334,2.25
445a59d6-9388-4ba2-be4b-e3815b26399b,4d15c35b-d969-4647-ae0c-ebb0914c8edc,90,1,Camaragibe,Artes Visuais,1,1,1,1,4,3,3,14,0,1,3,0,0,0,3,8,4,17,0,1,0,1,1,185,1,4.666666666666667,2.0
0647edee-3d56-40db-b9e3-519df6d213c9,c653a942-0ec1-484d-9371-b1102034ff65,65,1,Camaragibe,Audiovisual,0,0,1,0,10,8,4,39,4,3,0,4,0,0,0,9,14,23,3,1,0,1,1,512,2,4.875,0.6428571428571429
5c149c0b-6812-4965-bb98-82e077755486,e94a0f34-8235-47e8-a858-e1dfb16c40ee,85,1,Belo Horizonte,Artes Visuais,0,0,1,1,7,6,2,31,3,0,4,0,0,0,4,8,10,14,0,1,0,1,1,690,1,5.166666666666667,0.8
c915a092-fcd7-4f30-acb8-3d474a6f7d9e,e4a6cdbe-982e-49d1-ad9c-7867c4232573,60,1,Camaragibe,Literatura,1,1,1,0,0,0,0,0,0,0,0,0,1,0,2,3,0,20,3,1,0,1,1,627,0,0.0,0.0
30f175f2-659b-4725-a203-c96beecd9021,ed830117-95f1-4ba8-b717-78e32cf3f630,55,0,Não informado,Circo,1,1,1,1,8,6,4,45,7,1,0,2,3,0,2,8,15,11,2,1,1,0,1,495,2,7.5,0.5333333333333333
d47fbabb-3cbf-42ad-aa42-fbf678afb0e0,f4e4a747-d163-4aa5-bb8a-bba37339cbe8,80,1,Garanhuns,Artes Visuais,0,0,1,0,0,0,0,0,0,1,1,1,0,0,3,4,2,20,2,0,0,1,1,652,0,0.0,2.0
238d2181-97a9-4513-a579-97b44a4c048d,c6dd91eb-1258-4410-8544-e3797434bcd6,85,1,Camaragibe,Performance,0,0,1,1,5,4,2,4,5,0,1,2,0,0,4,2,2,13,2,1,0,1,1,677,1,1.0,1.0
3d56d17d-9ab7-4cfa-9d22-99a8419b77ba,25592086-f390-4d44-8614-d76a334620ef,100,1,Olinda,Audiovisual,0,0,1,1,9,5,4,70,3,3,2,4,0,0,4,10,24,20,2,1,1,1,1,456,4,14.0,0.4166666666666667
f232f8e1-0232-43c0-a3b6-5f5d75295edb,45807f71-396d-4f50-8519-202dcd4b25e1,85,1,Olinda,Literatura,0,0,1,0,0,0,0,0,0,0,1,1,0,0,1,0,0,9,2,1,0,1,1,707,0,0.0,0.0
b42d5d1e-4369-4b25-8903-f8f959dcbe47,94924a7b-0b6f-4809-b453-2dd3c6909974,55,1,Não informado,Teatro,0,0,1,1,1,1,1,1,4,0,4,0,0,0,3,0,2,18,8,0,0,0,1,169,0,1.0,0.0
51be5188-5a80-4035-aa78-48db6a69879b,8ae54496-b25e-4e86-bbcb-1800842c7db9,85,1,Paulista,Fotografia,1,1,1,1,3,1,2,0,0,0,1,3,4,0,3,5,4,18,1,0,1,1,1,211,2,0.0,1.25
9bc6f38f-90e8-408a-9719-0b993978e424,fb89c8b2-d285-4c7f-91ab-0a1427ad9964,50,0,Caruaru,Audiovisual,0,0,1,0,3,3,3,0,0,0,0,1,0,1,2,1,0,7,4,0,0,1,1,669,0,0.0,0.0
044650d0-890b-4f9f-a5fc-b2982e87eb15,127a3cc3-0047-490b-aabc-e532c6d2aa45,75,0,Fortaleza,Artes Visuais,0,0,1,1,4,2,3,5,0,1,0,1,0,1,3,2,2,11,1,1,1,1,1,53,2,2.5,1.0
39ab94db-5b43-4977-a394-6ce5e9e82605,d86fb73b-c261-486a-ac5c-60414e98c2ce,90,1,Fortaleza,Performance,0,0,1,0,0,0,0,0,0,1,3,1,0,1,4,1,0,21,3,0,1,1,1,595,0,0.0,0.0
9d7070f9-a26d-4d8f-ae00-7cee1dc52500,421982d8-246b-4ea8-88c1-70797e5c0dbf,75,0,Petrolina,Música,0,0,1,0,1,0,1,0,0,0,3,1,0,1,2,1,0,15,0,0,0,1,1,386,1,0.0,0.0
b8a3af39-668b-4b4f-9c19-57a6eb7b83a7,5094b171-77d6-4370-8fea-a77f12752f19,90,1,Camaragibe,Teatro,0,0,1,1,5,2,4,12,1,2,2,4,0,2,2,6,18,12,3,1,0,1,1,223,3,6.0,0.3333333333333333
5eb3bfa0-d7b6-4f1f-897b-7cc5423b6bfd,cbd01fcf-1116-4644-962b-ebebaab11cc6,85,1,Belo Horizonte,Performance,1,1,0,0,0,0,0,0,0,0,2,2,0,0,0,2,2,21,1,1,0,1,1,116,0,0.0,1.0
953b2b9f-7c15-4670-b0ba-36149f2d3d25,a8fac80a-7861-4ad2-bf8b-deb355ccd655,55,1,Não informado,Música,0,0,1,1,4,2,2,16,6,0,3,2,0,0,3,10,12,14,0,0,0,0,1,209,2,8.0,0.8333333333333334
d0d8173c-cff1-4fed-9f8c-fffe836dff22,21e4e0b8-d595-4f5c-9c35-c6f7a948f5f0,55,1,Não informado,Performance,0,0,1,1,3,3,3,15,4,0,1,3,0,0,0,5,6,22,2,0,0,0,1,700,0,5.0,0.8333333333333334
2bc14d14-ec4f-49db-8f7b-2879e2ca3bca,c9a3d3e5-2de7-4242-ac95-b4a81944fcd0,70,1,Não informado,Fotografia,0,0,1,1,0,0,0,0,0,1,3,1,0,0,4,2,0,20,2,1,0,0,1,101,0,0.0,0.0
1170b215-5d19-488e-877f-2ae84220f569,f61c5ede-7500-4484-a240-3dd56ce55d12,65,0,Camaragibe,Não informado,1,1,0,1,5,4,2,21,0,0,1,1,3,1,0,5,6,22,2,1,1,1,0,299,1,5.25,0.8333333333333334
7a4c8020-cb06-43b0-8e7b-04fab90de511,092fc366-4be1-49da-94bb-e13c47f91406,60,0,Não informado,Circo,0,0,1,1,4,4,2,9,0,2,1,0,0,0,0,1,2,18,1,0,0,0,1,555,0,2.25,0.5
e55f9a72-e61d-46f7-b14b-2c67c9b30ca0,581548f6-5829-4d77-a261-ef0a9347187c,100,1,Rio de Janeiro,Circo,1,1,1,1,7,6,2,29,8,2,3,4,2,0,0,3,7,17,1,1,1,1,1,158,1,4.833333333333333,0.42857142857142855
2336b7ae-aed5-42ea-8b05-ef37ee881663,f81a262b-e3a0-4f4a-8e03-b9a6f5a35e37,85,1,Salvador,Literatura,0,0,0,1,1,1,1,3,2,0,2,1,0,1,0,4,4,9,5,0,1,1,1,507,0,3.0,1.0
2324dd57-ff6b-413d-88d4-fca580f4ee2f,4a17d92f-f8ee-4b4a-a6f9-8bdc9244fc9a,75,1,Não informado,Fotografia,0,0,1,0,6,4,3,39,2,0,2,3,0,1,3,9,17,15,0,1,1,0,1,668,2,9.75,0.5294117647058824
7ea44538-52a2-40a5-8530-d8cf32dc3a73,77c2d534-2c7e-4c79-8df6-d387ac98eebc,60,1,Rio de Janeiro,Performance,0,0,1,1,3,3,3,22,8,0,0,0,0,0,0,4,12,20,1,1,0,1,1,671,0,7.333333333333333,0.3333333333333333
640001e0-8cfe-43f8-a098-26ebcc0d015d,3b476476-bca9-4cfc-a2da-e2ba9d765a56,95,1,Jaboatão dos Guararapes,Fotografia,0,0,1,1,5,4,3,25,2,0,2,1,0,0,2,3,2,22,4,1,1,1,1,202,1,6.25,1.5
c7fa8815-708b-4118-9542-52783a2ce4fd,dd634506-2597-407b-a028-9725950fe78b,30,0,Salvador,Não informado,0,0,1,0,8,5,4,40,4,0,0,2,0,1,2,6,14,16,2,0,1,1,0,563,3,8.0,0.42857142857142855
01b1f981-6dd5-4636-b017-78ff2024e95b,4ed6bf09-c0c5-47ec-ad70-db7a5f63f230,100,1,Fortaleza,Artes Visuais,0,0,1,1,5,4,3,38,4,1,1,3,0,0,0,11,6,22,1,1,1,1,1,177,1,9.5,1.8333333333333333
e16443fe-6086-44f9-b1a1-3e99c3d2d1be,5d05e251-5174-48f4-81f9-346d612df919,35,0,Petrolina,Não informado,0,0,1,0,7,5,4,15,5,3,0,0,0,0,2,13,4,12,1,1,0,1,0,420,2,3.0,3.25
4ef25fcd-e3ab-45bf-979e-45fa15f9c260,74460a3d-7b33-4daf-b522-c2954d48b187,70,0,Não informado,Artes Visuais,0,0,0,1,6,5,1,11,6,1,1,1,0,0,0,3,2,9,1,0,1,0,1,393,1,2.2,1.5
8d39bdff-09cc-416d-b8c4-9908af7245ae,1a40ce57-1083-4be5-a799-19de95f3b6cf,85,1,Petrolina,Performance,0,0,1,0,0,0,0,0,0,0,4,2,0,0,3,1,0,18,1,1,0,1,1,252,0,0.0,0.0
f8d63449-ed16-4a7e-a732-13618cb62032,5c4626f4-10cb-4231-8e0e-50ca633a9f44,100,1,Salvador,Teatro,1,1,1,1,5,5,2,40,0,1,3,1,2,0,4,12,4,18,0,1,1,1,1,343,0,8.0,3.0
a9afa1c0-b0fb-4cb1-8aa2-026674ad920d,fc5834b4-cb3e-4d62-82b5-9d2908106fdd,75,0,Belo Horizonte,Literatura,0,0,1,1,9,6,4,52,5,1,0,0,0,0,0,13,6,15,2,1,1,1,1,330,3,8.666666666666666,2.1666666666666665
df1e5d68-06e6-40fb-aa81-38cf3ac6aa90,bc68730b-3efb-42d2-8a10-61c9d6376ca6,50,0,Camaragibe,Literatura,0,0,1,0,1,1,1,3,0,0,0,0,0,0,0,3,2,14,2,0,0,1,1,582,0,3.0,1.5
b43fd120-9ede-4c24-a076-f63233c9ce42,d9bb916b-f7fe-477e-b3e1-d4fb7c2ed12d,80,1,São Paulo,Música,0,0,1,1,2,1,2,4,0,3,2,0,0,0,4,8,12,16,1,0,0,1,1,723,1,4.0,0.6666666666666666
0bcba02f-6857-42f2-b9f6-963c83223532,245ab6c8-cce2-4aaa-8d25-b0e807b91328,60,1,Camaragibe,Não informado,1,1,1,1,8,5,3,44,2,3,1,0,5,0,2,10,9,16,0,0,1,1,0,630,3,8.8,1.1111111111111112
dcb064e9-201b-48e3-9510-b5f9fb8c816f,c8d83fd2-14c9-47e1-9b08-049e80201677,75,1,Paulista,Performance,0,0,1,0,4,4,1,0,5,0,4,1,0,0,0,3,0,11,0,0,0,1,1,603,0,0.0,0.0
15db977b-2c15-4595-86ab-402c89148501,b7c169fe-c04e-4d1e-ad7d-8542ab7748e9,90,1,Recife,Artes Visuais,0,0,1,1,1,1,1,5,0,2,3,0,0,0,3,3,6,14,4,1,0,1,1,281,0,5.0,0.5
bcaa1053-02d6-4eb1-b7ab-7761c11a5d38,3a11692d-91a6-468e-92c7-1904645306d3,80,1,Caruaru,Audiovisual,0,0,1,0,0,0,0,0,0,1,3,1,0,0,1,3,0,13,3,0,0,1,1,52,0,0.0,0.0
d06f6bd4-b214-4c99-95a2-4ebcfc9d570a,d585270e-6d3f-480a-8040-1d909a2a2bef,85,0,Petrolina,Circo,0,0,1,0,3,3,2,10,4,0,1,2,0,1,0,3,9,14,2,0,1,1,1,513,0,3.3333333333333335,0.3333333333333333
86600ac9-b0df-4db2-aa8b-94d1ab3585f2,5fad9766-72ce-4c02-a5f6-e9d33ea5f586,85,1,Jaboatão dos Guararapes,Circo,1,1,1,0,0,0,0,0,0,0,3,2,0,0,1,4,3,22,1,1,0,1,1,129,0,0.0,1.3333333333333333
dee36ae9-9131-4a3b-8ea2-3f18f1bace39,0d792383-0ea9-4ed7-a618-72ad0ced404f,75,1,Fortaleza,Artes Visuais,0,0,1,0,0,0,0,0,0,0,3,1,0,0,3,1,0,14,0,0,0,1,1,651,0,0.0,0.0
4bcd87df-0527-439e-be5f-3a84b81ff833,980cb754-b2ce-42cd-b4d0-851d43629ca7,50,0,Recife,Não informado,0,0,1,0,1,1,1,0,4,3,2,3,0,0,2,5,4,17,5,0,0,1,0,701,0,0.0,1.25
4dea4552-7ef9-4de9-8171-aa99d0da6c84,87addacc-d864-41a2-b25a-229e2f25cc49,100,1,Caruaru,Artes Visuais,0,0,1,0,1,1,1,0,1,1,2,1,0,1,0,2,2,17,1,1,1,1,1,473,0,0.0,1.0
55c3e3d3-f31f-4439-87f1-5285fce659c2,5d265f9c-4c5b-4b67-bbf5-65a0a21a5162,55,1,Petrolina,Não informado,0,0,1,0,4,3,3,0,0,0,3,2,0,0,0,2,0,17,1,0,1,1,0,586,1,0.0,0.0
250126e0-9c0b-44f2-8a4f-432f23f115de,c12733f6-117a-4a04-9607-433d0ead60dc,65,1,Não informado,Circo,0,0,1,1,3,3,2,18,0,0,1,2,0,0,1,5,4,12,2,1,0,0,1,193,0,6.0,1.25
11a9c973-adfd-44d4-8946-f98dfbb52f0e,3d336299-7c62-472b-9048-48931ae9f159,85,0,São Paulo,Artes Visuais,0,0,1,0,1,1,1,0,0,0,4,3,0,0,2,2,0,16,2,1,0,1,1,321,0,0.0,0.0
ae3d9882-7145-4416-a0dd-d38861148a8b,1ff8fc4c-0296-4edf-a50d-8a47f9317afb,85,1,São Paulo,Artes Visuais,1,1,0,1,1,1,1,3,4,0,2,3,3,1,0,1,6,12,0,0,1,1,1,375,0,3.0,0.16666666666666666
a012958a-12a2-45af-9be0-4dd800c0c0fe,8e08f1e6-a1c7-4d64-913e-a462db593167,60,0,Belo Horizonte,Não informado,1,1,0,1,11,8,3,72,2,2,4,0,3,0,0,16,16,14,4,1,0,1,0,439,3,9.0,1.0
61ce61bb-08e4-42bd-a01f-c6340537451c,b55fe2e1-07f9-4c24-b4f2-863503adc54e,65,1,São Paulo,Literatura,0,0,0,0,0,0,0,0,0,2,0,3,0,0,0,0,2,11,3,1,0,1,1,537,0,0.0,0.0
3f1b1ddd-21c7-43f4-94bc-09b05f336ee2,62d5de2d-bb09-4578-9a4a-8efcb903bad6,75,1,Jaboatão dos Guararapes,Fotografia,0,0,1,0,2,1,1,5,0,3,0,0,0,1,4,7,2,15,3,1,1,1,1,539,1,5.0,3.5
4b43e70c-5d53-4410-a6ef-f2df1a8bd034,aa372888-76c2-4024-8731-43d34fc1c77e,75,1,Não informado,Dança,0,0,1,1,6,5,3,32,3,0,4,4,0,2,1,6,4,14,2,1,1,0,1,495,1,6.4,1.5
95e35399-7d59-4de3-8ed4-0335983845c2,4dade914-dafe-489b-a7a8-5328b31de299,60,1,Camaragibe,Literatura,0,0,1,1,3,3,2,6,0,0,0,2,0,1,4,3,2,24,2,0,1,1,1,362,0,2.0,1.5
20a2a2c3-0b35-4d90-a147-e9c6db7e4a71,de646005-1fb0-499a-a25f-56f45c45d515,75,1,Jaboatão dos Guararapes,Artesanato,0,0,0,1,4,4,3,11,2,0,4,2,0,0,0,2,4,21,2,0,0,1,1,689,0,2.75,0.5
cf890b69-3fd1-4c59-aae5-213e57fdcbc2,70a88fe6-f74a-40ab-a050-501ec8aebc3c,90,1,Cabo de Santo Agostinho,Circo,1,0,1,1,3,3,3,10,2,1,2,1,0,1,4,7,6,14,1,1,0,1,1,544,0,3.3333333333333335,1.1666666666666667
e98aff76-0348-4aac-89d7-0d78720539f0,4978d75e-81cd-477e-8806-2d4849d3135e,75,1,Garanhuns,Artes Visuais,0,0,1,0,0,0,0,0,0,0,1,0,0,1,3,1,0,9,2,0,0,1,1,154,0,0.0,0.0
911c7a2b-09df-4780-b451-36ee7daf0d59,28d5a807-b025-49ab-8a64-8b29d92b1132,100,1,Camaragibe,Música,1,0,0,1,6,4,2,16,0,3,4,4,0,0,0,10,4,17,2,1,1,1,1,372,2,4.0,2.5
6215c34f-e1b9-48e9-8310-fb09760cb9f4,4c806b55-2d0a-4e38-b10b-b3b1e97f36a3,75,1,Camaragibe,Artesanato,0,0,1,0,0,0,0,0,0,0,3,0,0,1,3,1,0,20,5,0,0,1,1,375,0,0.0,0.0
b923fdc3-91c4-4aa6-afe2-ef46fa6f6203,22875c9e-8956-431b-a891-b930f4a6e3c5,100,1,Cabo de Santo Agostinho,Literatura,0,0,0,1,4,4,2,29,8,1,3,0,0,1,0,5,2,19,2,1,1,1,1,655,0,7.25,2.5
870558cd-8ab8-41e1-8529-697427b46d89,b7541510-ef8a-43ad-bd98-4f3446363a8e,75,0,Rio de Janeiro,Literatura,0,0,1,1,9,8,3,101,7,3,0,2,0,0,0,6,4,14,3,1,1,1,1,657,1,12.625,1.5
2f3ef629-47a1-4a1e-be2c-a708566f255c,4c72b8a4-8600-47a6-833c-16bb7c6d215c,45,0,Não informado,Audiovisual,1,1,0,0,0,0,0,0,0,1,0,0,0,1,0,2,2,18,3,0,1,0,1,360,0,0.0,1.0
9bdea784-384d-4c8e-98ed-8bd691691da3,1eb76319-149c-4400-882e-fc708baaada5,75,0,Jaboatão dos Guararapes,Literatura,0,0,1,1,7,6,3,78,5,0,2,0,0,0,4,8,19,20,1,0,0,1,1,472,1,13.0,0.42105263157894735
509848ab-fc6b-4658-8d7e-7836d20fcce7,90bc7696-a2f6-4801-b552-d75fc8371972,35,1,Não informado,Fotografia,0,0,1,0,0,0,0,0,0,1,0,2,0,0,2,0,0,15,2,0,0,0,1,552,0,0.0,0.0
d0c2c25c-06b9-41c5-a590-a4894a235b5f,be4e51b7-29fd-4762-923b-6ad9be8943d7,95,1,Recife,Teatro,1,1,1,1,0,0,0,0,0,0,4,1,5,0,3,1,0,12,3,1,1,1,1,384,0,0.0,0.0
c09c558f-9972-425a-bbbc-02091cb234b3,7e003c99-f06a-4d77-9d7d-decba598de43,95,1,Petrolina,Teatro,0,0,1,0,0,0,0,0,0,0,2,1,0,0,4,0,0,26,3,1,1,1,1,622,0,0.0,0.0
1d51e332-d75a-4e74-b344-1487f480b48d,a4671852-5fb1-401c-b8c0-b094d9772a1a,75,1,São Paulo,Audiovisual,0,0,1,1,1,0,1,0,0,0,4,0,0,0,2,3,0,17,3,0,0,1,1,471,1,0.0,0.0
4ca3406f-7181-400d-90bd-e8282d420d86,c10c945a-6502-4135-b443-493f3150e6a4,100,1,Recife,Artesanato,0,0,1,1,8,6,4,43,4,2,4,0,0,1,1,7,16,15,3,1,1,1,1,512,2,7.166666666666667,0.4375
a8a4846d-649e-4551-81b3-cabdaa15eb9c,60ec49ad-a0c3-4976-a688-b22794235204,90,0,Cabo de Santo Agostinho,Performance,0,0,1,1,8,6,3,45,4,3,3,0,0,0,2,10,17,18,2,1,0,1,1,207,2,7.5,0.5882352941176471
e53df35b-5047-4245-954c-57a9b0fd2d15,1caf4f58-bd48-45f0-81ca-0804e7664427,80,1,Fortaleza,Literatura,1,0,1,1,7,5,3,47,6,1,4,0,0,1,3,10,0,15,2,0,0,1,1,268,2,9.4,0.0
c8039b39-d7cb-4071-a0a2-6172d392eb4a,33d4a041-5ad0-411b-a94d-3ec625fef704,90,1,Olinda,Teatro,0,0,1,1,4,4,4,4,0,1,2,1,0,0,3,3,0,25,1,1,0,1,1,130,0,1.0,0.0
6651be2f-e561-453d-bc3f-39031f0b0a0c,598d2772-3962-4c57-803d-a38e3de3ffd8,85,1,Salvador,Dança,0,0,1,1,2,2,1,0,3,0,2,2,0,0,2,1,0,20,2,1,0,1,1,169,0,0.0,0.0
2c85381f-5e24-4958-b81b-b2706bc760db,cf6cf429-f045-42b8-9c39-89ce8ed4cc24,85,1,São Paulo,Teatro,1,0,1,0,0,0,0,0,0,0,1,0,0,1,0,1,0,26,2,1,0,1,1,422,0,0.0,0.0
72cb14de-bdea-466d-b14e-a41b874fa254,c811ad31-a14d-4083-aae7-b35cbe7381c1,100,1,São Paulo,Fotografia,0,0,1,1,5,3,4,8,2,1,1,3,0,1,0,4,4,11,0,1,1,1,1,266,2,2.6666666666666665,1.0
1bbf2117-5644-4623-8948-3a79efafce44,2d3d67c8-6bd2-4085-9410-401b074d1c6f,100,1,Paulista,Circo,1,1,0,1,3,1,2,1,1,1,1,2,0,0,0,3,0,17,2,1,1,1,1,428,2,1.0,0.0
68ce5f5c-9cb9-4a6c-8b76-5f96edfc1f81,08a385df-9e56-4c6d-8977-07399dada57c,65,0,Paulista,Artes Visuais,1,1,1,1,6,4,3,50,4,2,0,2,2,0,3,10,18,10,2,1,0,1,1,222,2,12.5,0.5555555555555556
54a849a2-4f5c-4b9b-a846-407345eb122a,741e40eb-182f-48a8-9af0-8835d6ea8313,55,1,Paulista,Artes Visuais,0,0,1,1,1,1,1,0,3,3,0,2,0,0,0,3,0,16,2,0,0,1,1,308,0,0.0,0.0
d4b74d36-ddfc-4cda-acfd-c733889ff883,f5a278c0-3cba-4714-b684-d387cf4d49c2,95,1,São Paulo,Música,1,1,1,1,6,5,4,49,4,0,1,3,5,0,3,9,6,20,1,1,1,1,1,194,1,9.8,1.5
48a6c140-9fdb-49d5-a782-b4bddca027ae,a526a99c-9c7d-4434-bb6f-484550b337b3,40,0,Não informado,Não informado,0,0,1,0,4,4,3,28,4,1,2,4,0,1,1,10,16,16,3,1,0,0,0,683,0,7.0,0.625
8538d333-4c29-4983-9922-3c9bbe897b5c,dd02c724-c37d-419b-952b-61fb85d4e12d,60,1,Salvador,Não informado,0,0,1,1,3,3,3,11,1,2,3,2,0,0,0,4,8,22,1,1,0,1,0,376,0,3.6666666666666665,0.5
9b679e21-c60b-4708-a710-bffddd33d4cc,501167f6-97b2-4d5f-bd66-e1dca483c704,75,1,Cabo de Santo Agostinho,Dança,0,0,0,0,1,0,1,0,0,0,3,0,0,2,0,6,2,15,2,0,0,1,1,290,1,0.0,3.0
8c5efa7b-3f6b-4aab-a989-1b656b8285e8,126d365e-038d-4c52-910d-bfa03ab6e1b2,65,1,Não informado,Teatro,0,0,1,0,5,4,2,0,2,0,1,1,0,2,3,4,0,20,1,1,0,0,1,665,1,0.0,0.0
25ab612e-6351-405e-bb12-63bf16b684a5,01045f7c-79be-4613-9ecf-5978501ee2a2,75,1,Paulista,Audiovisual,1,0,1,1,3,1,2,10,4,3,0,0,0,3,0,2,6,20,2,1,1,1,1,61,2,10.0,0.3333333333333333
b93284a8-3de8-44fc-a719-b8ef63517273,12d6df49-abc3-44ad-af1f-62749261f81b,100,1,Belo Horizonte,Circo,0,0,0,0,0,0,0,0,0,1,3,2,0,0,0,0,0,11,2,1,1,1,1,723,0,0.0,0.0
9bf3263e-71df-4628-ad6e-7af4b5069c3f,301b6112-2581-44cd-99fb-acca6d20fc5a,75,1,Jaboatão dos Guararapes,Fotografia,0,0,1,1,9,9,3,95,9,3,0,4,0,0,0,9,6,19,0,1,1,1,1,537,0,10.555555555555555,1.5
95aeccd8-916e-4c47-9e9e-2a5c75a44599,03edf7d6-70ff-44f9-a2a2-8724b3ba9f2b,85,0,Rio de Janeiro,Artesanato,0,0,1,0,1,1,1,0,0,0,4,1,0,0,4,0,0,16,2,1,0,1,1,319,0,0.0,0.0
7f132b8a-f6ab-435b-a0fe-5d34f0c962cd,e1788aa2-a4d1-40b8-9e8d-bbb549e402cf,100,1,Paulista,Dança,1,1,1,1,8,7,3,70,5,1,4,2,5,0,4,7,8,23,0,1,1,1,1,507,1,10.0,0.875
53820d4a-c6a5-406c-9116-631666480f38,fba6d3d2-d745-43be-841b-bc9d8dfac52a,65,0,Não informado,Dança,0,0,1,1,2,2,2,4,0,0,1,0,0,0,0,8,2,12,4,1,0,0,1,685,0,2.0,4.0
5d2ec957-d447-46e9-80fb-e2a9336fcdda,0b520a33-8bfd-441e-be4b-99bff99e8923,60,1,Rio de Janeiro,Performance,1,1,0,1,4,4,3,8,0,0,0,0,2,0,0,5,4,16,2,1,0,1,1,160,0,2.0,1.25
fe76411e-6d6a-49e9-9b4d-aaad7ce41b06,1d3d2e6c-d523-4e51-a703-370189c7ec66,90,1,Belo Horizonte,Dança,1,0,1,1,1,1,1,7,4,1,3,4,0,0,1,6,14,16,0,0,1,1,1,154,0,7.0,0.42857142857142855
f65e5e35-954e-4d09-bbdf-b5848500afb6,56bf9a23-e18f-4a25-9e93-e860749becff,90,1,Petrolina,Fotografia,1,1,1,1,5,5,3,11,1,2,2,2,4,0,3,4,4,22,3,1,0,1,1,590,0,2.2,1.0
925544a4-331b-45d0-990c-ce489be727db,9632adc2-e5db-46ac-8582-3bb9debb5e9f,100,1,Petrolina,Música,1,1,1,1,3,3,3,50,3,2,1,2,0,2,4,14,22,10,2,1,1,1,1,161,0,16.666666666666668,0.6363636363636364
f35139d1-be61-48d7-a248-52e803673ae9,727ff3b1-3dda-4f92-8f4d-562b5d6b3880,100,1,São Paulo,Teatro,1,1,1,1,3,2,2,34,0,3,3,4,2,0,3,13,17,19,4,1,1,1,1,657,1,17.0,0.7647058823529411
fc8cf4fb-c67f-4f14-be16-b1290b37d05c,b3c1e117-00bd-4865-8b85-071a53350d29,90,1,Cabo de Santo Agostinho,Circo,1,1,1,1,7,6,3,55,7,3,1,0,1,0,2,8,14,18,1,1,0,1,1,378,1,9.166666666666666,0.5714285714285714
fd0637a3-3d8c-4200-b462-8bc6919f66fe,1323c610-3421-40a6-b98f-2efe81f88570,85,1,Camaragibe,Literatura,1,1,0,0,0,0,0,0,0,0,1,3,2,1,0,0,0,14,4,1,0,1,1,88,0,0.0,0.0
4e332d01-e742-4f00-b781-2e088a2004c3,b8601534-850f-4be9-83ff-0ca8a1daf765,75,1,Recife,Teatro,0,0,1,0,1,1,1,0,0,0,4,0,0,0,0,0,0,12,1,0,0,1,1,628,0,0.0,0.0
cc307d79-4d54-4902-835a-cdb2f439cbd7,0c94859b-802f-44aa-af47-548def2f6fb5,75,0,Caruaru,Circo,1,1,1,0,2,1,2,0,0,0,1,0,1,0,3,0,0,17,2,0,0,1,1,91,1,0.0,0.0
896447cf-1d37-43cb-8207-7d2141b17251,bf7328a8-ae71-40c2-833e-302c0649f484,80,1,Petrolina,Circo,0,0,1,0,0,0,0,0,0,2,2,1,0,1,3,4,0,13,0,0,0,1,1,536,0,0.0,0.0
e57c8abe-cdaf-4662-bac6-0a2da5db7d3e,b05df01a-7a47-4801-abdf-6562c03ec38f,95,1,Fortaleza,Música,0,0,1,0,0,0,0,0,0,0,1,0,0,1,3,5,0,21,4,1,1,1,1,318,0,0.0,0.0
d27dbd0d-f0dd-4d1c-a096-b2a1cb29f357,b4a2e35c-6263-468f-b9ab-1ef93c7fe3c2,100,1,Caruaru,Performance,0,0,1,0,10,9,4,70,8,3,2,4,0,0,3,5,23,22,4,1,1,1,1,593,1,7.777777777777778,0.21739130434782608
7f053c80-fca4-4b30-95d0-3f579fd0d206,823f0837-ed7b-42d0-9ff2-0b3450f131c2,85,0,Recife,Audiovisual,1,1,0,0,0,0,0,0,0,0,1,2,0,0,0,1,0,27,4,0,1,1,1,714,0,0.0,0.0
6eff567c-79bc-4022-92b0-a16e60505435,4e416c05-54fb-4f1d-b500-b4f74faa7b7c,75,0,Fortaleza,Performance,0,0,1,1,4,2,3,4,0,0,4,2,0,0,3,1,4,19,2,0,0,1,1,607,2,2.0,0.25
2b224064-591f-4e53-80c5-791d63a0b5c8,8d335eed-3b5d-425b-8194-ac46eb81e986,65,0,Petrolina,Dança,0,0,1,1,5,4,3,38,7,3,0,4,0,0,1,4,6,18,1,0,1,1,1,704,1,9.5,0.6666666666666666
85264480-243a-4f77-b8a9-1cd3205a85ed,1892ad4d-1201-46e0-befe-9dff19139e51,70,1,Salvador,Circo,0,0,1,1,3,1,3,10,0,0,0,0,0,0,0,6,2,13,0,1,1,1,1,721,2,10.0,3.0
49bfcc30-6332-4203-b147-2c00371510c8,3f4b64d9-a1e7-4ad2-85fb-e5a1337fe973,60,1,Paulista,Audiovisual,0,0,1,1,4,4,3,6,0,0,0,1,0,0,2,2,2,16,2,0,1,1,1,117,0,1.5,1.0
150e9861-73a9-419b-849c-d1f354eb8102,882803f3-c17a-482e-bc52-03ac81f750bd,40,0,Não informado,Artes Visuais,0,0,1,0,0,0,0,0,0,0,0,1,0,0,4,0,4,16,1,1,0,0,1,182,0,0.0,0.0
01a33494-f9c7-4273-bccb-bf2fc15ac51b,87c5223e-b9a6-441e-acdf-42e512ab6189,90,1,Jaboatão dos Guararapes,Música,1,1,1,1,2,2,2,10,0,2,3,0,4,1,2,4,4,17,4,1,0,1,1,610,0,5.0,1.0
269f3e09-85fe-428a-99bb-df218cc7d7f0,ac8f24d2-92dd-4735-9a33-279ad8bef79d,100,1,Recife,Performance,1,1,1,0,5,4,3,20,0,1,1,3,0,0,0,6,10,17,5,1,1,1,1,441,1,5.0,0.6
7f384688-7e1d-4d94-b76f-136ec7ba850c,17721b1a-31d4-44e3-bf69-d8355f71c32e,45,0,Belo Horizonte,Não informado,0,0,1,1,2,2,2,0,0,0,2,0,0,0,0,2,0,9,1,0,0,1,0,404,0,0.0,0.0
ec5ac48e-68f2-4621-8e7a-d83f789ac14d,59a3fd1e-eb43-4eca-ac63-ec627bd035df,85,1,Petrolina,Fotografia,0,0,0,0,1,1,1,1,0,0,1,2,0,0,0,3,0,17,0,1,0,1,1,102,0,1.0,0.0
0819c516-cb1e-4b48-be0b-965a0df4622d,e1282d4c-6acf-454d-8582-c874d5d2d800,85,1,Olinda,Teatro,0,0,1,1,2,1,1,0,0,0,4,2,0,1,0,5,2,21,4,0,1,1,1,119,1,0.0,2.5
b4b3fc4b-bcb5-4c0b-b90e-7578759713b9,90d6d1d9-048a-4ec9-95c7-d24934cfed26,90,1,Salvador,Música,0,0,1,1,5,5,3,30,0,1,2,2,0,1,2,9,4,12,1,0,1,1,1,516,0,6.0,2.25
b2d87e1a-f0f5-419b-9efe-cad3c289a42f,c24e68f7-4823-4558-ad40-d8556c6b9734,90,1,Cabo de Santo Agostinho,Artes Visuais,1,0,1,1,4,2,3,15,0,3,4,2,0,0,0,10,2,23,2,0,1,1,1,625,2,7.5,5.0
c65f872d-5a4d-4fd7-be6d-071a5133d78a,604c2837-1e10-4a81-81b8-e70a02b5f713,60,1,Salvador,Audiovisual,1,1,1,0,2,1,2,6,0,0,0,1,0,0,0,5,0,14,2,0,1,1,1,47,1,6.0,0.0
f335ecc0-2dcc-4948-af3f-339fc712b443,2813e88e-4d72-4919-a759-c1af31748bd8,90,1,Caruaru,Música,0,0,1,1,8,6,4,57,10,3,2,0,0,1,0,7,11,13,5,0,1,1,1,301,2,9.5,0.6363636363636364
2aa011ae-976b-44ba-875d-c6d438111a37,b8cb60e2-630c-4651-8bb3-f3e805b5a021,90,1,Jaboatão dos Guararapes,Música,0,0,0,0,0,0,0,0,0,2,1,2,0,0,0,1,0,22,0,0,1,1,1,331,0,0.0,0.0
2efa853b-42c3-4eb0-9390-c563d509a272,05668fcf-2911-4880-a73e-c73c8ea6ded5,65,1,Camaragibe,Audiovisual,0,0,1,1,5,2,3,22,3,2,0,0,0,0,3,9,2,17,2,1,0,1,1,373,3,11.0,4.5
d921fc77-b1c1-4130-91f7-899bbf69a8a0,4a5bf733-1586-44aa-8470-2ae4b000c251,90,1,Fortaleza,Música,0,0,0,1,9,6,3,72,3,1,4,3,0,1,0,8,16,16,1,0,1,1,1,60,3,12.0,0.5
47c65cac-701b-4a58-aeb3-6a55bd42fbef,44ab2bb3-c6fc-42e1-a082-47c47453c742,100,1,Rio de Janeiro,Circo,1,1,0,1,9,5,4,27,4,3,1,3,5,0,0,11,14,10,2,1,1,1,1,157,4,5.4,0.7857142857142857
c3fa5c31-0046-4b71-9e98-ad3acd7cf6d1,a3e9823f-c082-4416-a1e0-f4cf93990e34,55,1,Não informado,Fotografia,0,0,0,0,0,0,0,0,0,0,1,2,0,0,0,3,0,12,3,0,0,0,1,137,0,0.0,0.0
adf11617-c283-4c56-8bd3-fe79ed288fac,641578bf-0f21-45ca-9145-47ac704806df,100,1,Garanhuns,Audiovisual,0,0,0,0,0,0,0,0,0,2,1,3,0,1,0,0,0,18,2,1,1,1,1,636,0,0.0,0.0
b5b8bca4-32f8-4d2a-a99f-05ba414f9090,d3e8d489-262d-4318-9441-8e07ef177ffd,70,1,Caruaru,Não informado,0,0,1,1,6,5,3,28,3,1,1,2,0,1,0,12,14,26,3,1,1,1,0,239,1,5.6,0.8571428571428571
000fc9bd-16be-496c-9136-58b669e73888,83f58ef1-81e0-4b95-90f5-445f990e02b6,95,1,Rio de Janeiro,Música,0,0,1,1,2,1,1,5,2,0,4,0,0,0,3,5,4,20,3,1,1,1,1,726,1,5.0,1.25
628c8dc9-1671-4e6d-b560-cb1c9889b5b4,bc830d5f-a346-4842-9239-d96a876bdbb1,45,0,Cabo de Santo Agostinho,Não informado,0,0,1,0,0,0,0,0,0,0,1,1,0,1,0,1,0,18,3,0,0,1,0,498,0,0.0,0.0
286d9427-5b2a-4e23-8e24-62bc522c52bb,5d413cee-7933-412b-9dc7-c09d6b186cd3,90,1,Recife,Performance,0,0,1,1,4,2,2,13,0,2,4,2,0,0,0,7,12,15,2,0,1,1,1,598,2,6.5,0.5833333333333334
69e327ba-df1d-4cc9-a80b-45ccd070dd03,387bb7aa-5f91-4733-8099-43fa1b6379ab,100,1,Garanhuns,Dança,0,0,1,0,0,0,0,0,0,1,4,2,0,0,2,3,6,20,2,1,1,1,1,190,0,0.0,0.5
52bc09f8-8e3b-45b2-b75e-82eafb728cf7,859be40c-e145-43f4-ad5e-719a957af367,100,1,Recife,Música,0,0,0,1,5,4,2,17,1,3,3,1,0,0,0,10,8,17,0,1,1,1,1,573,1,4.25,1.25
2879cf6c-7058-4076-a676-d8a796961214,267e0c66-252f-4030-86ce-b347fb1a153f,85,1,Petrolina,Fotografia,0,0,1,1,6,4,3,22,1,0,1,4,0,1,1,7,15,12,4,0,1,1,1,531,2,5.5,0.4666666666666667
cb203942-e7a1-40dc-aa68-3fe09a90e7d2,acd09c90-e652-4f0c-861b-292e234b461a,85,1,Belo Horizonte,Fotografia,0,0,0,0,1,0,1,0,0,0,3,3,0,0,0,1,0,11,1,1,0,1,1,247,1,0.0,0.0
7e426d38-b60f-4247-9a17-a3dce6078fb4,1052c2e0-8caa-4c13-b043-18f9fe29cdc5,80,1,Olinda,Circo,0,0,1,0,0,0,0,0,0,1,1,1,0,0,0,0,0,21,2,0,0,1,1,106,0,0.0,0.0
94c9aa54-f590-4d6f-9fd8-e50b028825cd,09aeabc0-f321-4eee-a558-b9c56d3f85ab,45,0,Salvador,Não informado,1,1,0,0,1,1,1,3,3,3,0,1,2,1,0,8,14,20,2,1,1,1,0,556,0,3.0,0.5714285714285714
47689fee-3360-4b9e-84a3-ab0ba6eae25d,ef868d35-8ea6-494d-92f9-ecd201fb442e,100,1,Garanhuns,Literatura,0,0,1,1,4,3,3,29,0,1,4,1,0,0,1,10,17,14,1,1,1,1,1,54,1,9.666666666666666,0.5882352941176471
89b4307c-1b37-48df-abd8-58a9a6c20231,0246f6e2-34ac-4b1c-a3e4-581e7fc15af6,80,0,Camaragibe,Artesanato,0,0,1,1,1,1,1,0,0,2,4,2,0,3,3,4,0,17,3,0,0,1,1,650,0,0.0,0.0
190d7e3c-b4ed-4385-ad7f-b4f55313c06b,4e6e7d6b-04ab-478a-b655-61871ff21608,90,1,Salvador,Audiovisual,1,0,1,1,5,5,3,27,0,1,2,2,0,0,0,6,4,19,2,0,1,1,1,173,0,5.4,1.5
218debd9-d8fd-42ca-be87-0c3932070ea2,44041f5c-dd91-42b6-8806-b2f587ed19f5,85,1,Cabo de Santo Agostinho,Circo,0,0,0,0,1,0,1,0,0,0,4,0,0,2,0,4,0,18,1,0,1,1,1,562,1,0.0,0.0
0aa28003-eb1f-4319-9a08-79efa456c7d4,15fc86b1-8577-4e99-baee-734cebcfc63e,100,1,Garanhuns,Literatura,0,0,0,1,1,1,1,2,4,1,2,1,0,1,0,7,6,16,2,1,1,1,1,192,0,2.0,1.1666666666666667
06fb4398-3011-4b49-b071-1009c7c2aa90,bdbd70b2-3cf9-4c8a-a112-75a89109bc9c,100,1,Rio de Janeiro,Artesanato,1,1,1,1,9,6,3,57,0,3,2,3,5,0,4,14,10,8,1,1,1,1,1,622,3,9.5,1.4
6d53bfc0-ef2e-4481-9e7f-82e233a14bf4,5098f465-693a-44c3-8adb-94d9715cc896,80,1,Fortaleza,Literatura,1,1,1,0,1,0,1,0,0,2,4,1,3,0,3,1,0,22,2,0,0,1,1,293,1,0.0,0.0
564d22a9-1621-4e03-892b-d20272f2c1d3,463dab0e-156f-40ac-8f83-bb4afb3fd01b,90,1,Garanhuns,Artesanato,1,0,1,1,4,2,2,18,0,3,4,3,0,1,2,8,6,24,3,1,0,1,1,144,2,9.0,1.3333333333333333
9f6b5b62-aa9e-4cba-b2b5-90d3a90e6317,10cac9cf-9e5c-4aa8-adb2-9f1edd415037,90,1,Paulista,Artes Visuais,0,0,0,1,4,4,2,20,3,2,4,0,0,0,0,9,7,13,3,0,1,1,1,85,0,5.0,1.2857142857142858
cee86424-e63e-43ca-ab24-3f304259a344,263a4967-89b2-4f4b-ba43-a1120f021678,90,1,São Paulo,Audiovisual,1,0,1,0,0,0,0,0,0,1,1,0,0,0,0,1,0,28,1,1,0,1,1,524,0,0.0,0.0
2a451d7a-18e5-4f39-a1e4-d260451616dc,fe2c8a69-0777-486a-bfd8-152d54e8bfc8,90,1,Jaboatão dos Guararapes,Audiovisual,0,0,1,1,4,3,1,6,3,1,4,1,0,1,2,6,0,18,1,1,0,1,1,321,1,2.0,0.0
2302aa1e-e050-415b-bb2a-450db3e65849,5a289181-b827-490a-87ad-5baf25d7ab9b,65,1,Garanhuns,Audiovisual,0,0,0,1,5,3,2,26,6,3,0,3,0,0,0,4,16,19,2,0,1,1,1,640,2,8.666666666666666,0.25
e7b3b104-7e84-4c6d-9bd9-8dd0baa10075,66fa2c90-7ee7-44ba-a8a0-dcc317994c37,70,1,Não informado,Artesanato,0,0,1,1,1,1,1,5,0,3,1,4,0,0,4,4,4,18,4,1,0,0,1,351,0,5.0,1.0
2ee55295-763d-46c8-bdd7-30de46393fd9,0f0d9fa5-cf35-4dc5-9a75-bd32db686ade,75,1,Caruaru,Música,0,0,1,1,5,4,3,45,2,3,0,0,0,1,4,12,4,18,0,1,1,1,1,227,1,11.25,3.0
a2df63f4-5b1b-40e9-9960-c44fcffb400e,947078bf-9fbc-4be5-83f4-baf56ea1f98c,95,1,Recife,Performance,0,0,1,0,3,3,3,2,0,0,4,0,0,0,3,3,0,22,2,1,1,1,1,240,0,0.6666666666666666,0.0
d79fa594-5160-46be-84df-a46c96ad5aa1,8709cb6d-d510-4964-8e88-f4d4146d7a92,100,1,Paulista,Dança,0,0,0,0,0,0,0,0,0,2,4,1,0,1,0,2,2,14,3,1,1,1,1,423,0,0.0,1.0
3cdbd73e-bd39-44d4-931e-19e5cf4b3563,b55b2fda-57f3-442a-8341-77e23a7a5430,90,1,Caruaru,Artesanato,1,1,1,1,7,6,4,54,1,1,2,1,2,0,1,11,8,19,4,1,0,1,1,697,1,9.0,1.375
9609716d-82d1-4273-8b4a-748b16bffc9f,880b4146-e0aa-4ed9-9fae-ab149b061b90,90,1,Olinda,Artes Visuais,1,1,1,1,1,1,1,9,0,1,1,2,0,0,3,4,6,17,3,0,1,1,1,208,0,9.0,0.6666666666666666
2b79c0a7-1504-4787-a655-cd01b05a8fbf,855565e4-3c78-4a76-b019-3f0ce96778d6,80,1,Rio de Janeiro,Dança,0,0,0,0,2,0,2,0,0,2,2,3,0,1,0,3,10,19,2,0,0,1,1,397,2,0.0,0.3
6e19e305-d9a8-452b-b316-280387939f83,2b3e215f-577c-468b-8b86-a69dd1fd2656,60,1,Belo Horizonte,Música,0,0,1,0,1,1,1,0,2,0,0,2,0,1,1,2,0,21,2,0,1,1,1,37,0,0.0,0.0
36a67d5d-b128-49db-9059-46b203d6a319,08e85225-64fd-4573-ab85-3f3e97f68392,90,1,Camaragibe,Audiovisual,1,1,1,1,4,4,2,25,0,1,4,0,0,0,3,8,4,19,0,0,1,1,1,425,0,6.25,2.0
85db11c2-dd2b-41a9-b352-eb95c2186342,6abd6247-c903-429a-a0f2-39efcd436ae2,95,1,Garanhuns,Audiovisual,0,0,1,1,5,4,3,33,1,0,1,2,0,0,3,6,12,27,6,1,1,1,1,698,1,8.25,0.5
86df135d-c2ef-48ef-8910-856f712199b9,d4bcdc76-ef77-4c0d-ba57-731255607c04,100,1,Camaragibe,Teatro,1,0,1,0,8,7,3,27,5,2,4,3,0,1,3,15,2,20,3,1,1,1,1,81,1,3.857142857142857,7.5
10189aaa-e868-4227-b867-0c6b743f59ae,140a26cd-f51c-4584-844e-9a081c6d9513,90,1,Salvador,Audiovisual,1,1,1,0,0,0,0,0,0,2,1,1,0,0,0,3,0,17,1,1,0,1,1,230,0,0.0,0.0
db8cf7dd-3558-475c-8c42-a02b5c364fbb,1e70036a-ba62-41cc-980b-ba805e172c6b,80,0,Não informado,Performance,0,0,1,1,4,4,4,17,1,3,4,4,0,1,2,1,0,17,3,1,1,0,1,241,0,4.25,0.0
4ad0a517-4598-4d18-9dac-58f4e1b94658,6fd0d9e1-3b51-44dd-adaa-5a832a994123,100,1,São Paulo,Performance,1,1,1,1,6,5,3,17,7,1,2,4,4,1,2,6,5,16,3,1,1,1,1,112,1,3.4,1.2
bc2b18cb-f256-44b1-991c-69fbf5cd02a1,bea35149-4c38-4db9-ad25-3244ff3c2dcf,85,1,Fortaleza,Música,0,0,1,0,1,1,1,0,0,0,4,1,0,3,4,3,0,18,0,1,0,1,1,48,0,0.0,0.0
c13c8ea6-459c-48f3-b8e8-8ab53b19317b,b95d3538-4f92-433c-90e5-300e9437ced1,75,1,Paulista,Literatura,1,0,1,0,0,0,0,0,0,0,4,3,0,0,4,1,4,19,2,0,0,1,1,654,0,0.0,0.25
a01faa4c-f234-4270-8cbe-a2869b9a7f7e,605d7ef1-ecac-494b-9c74-7caf01038f22,90,1,Cabo de Santo Agostinho,Artesanato,1,1,1,1,3,3,2,14,3,1,1,1,3,0,1,9,0,11,3,1,0,1,1,65,0,4.666666666666667,0.0
e26d5a2c-6f7e-44ee-bc48-6251e27528bf,34fbce4f-718b-4027-a59f-931a0721f864,85,1,Caruaru,Música,0,0,1,0,1,1,1,0,0,0,4,2,0,1,1,0,0,15,1,1,0,1,1,121,0,0.0,0.0
2b10c48f-34fd-4af1-a0ef-dba749fbda64,976faa08-f28b-4b21-9ea9-9978367a2a03,80,0,Recife,Circo,0,0,1,0,0,0,0,0,0,2,1,2,0,0,0,2,0,15,1,0,0,1,1,418,0,0.0,0.0
fd44b509-6a46-4020-b823-2797a3899828,1504aa26-49f3-47ca-abdc-be132d8604cf,90,1,São Paulo,Literatura,0,0,1,0,0,0,0,0,0,2,2,2,0,2,4,2,0,23,2,1,0,1,1,450,0,0.0,0.0
b154bf41-a151-44bb-b127-d27fd2b0f7a3,70cff806-ee6f-4c66-b93e-2ba47db9a9fe,90,1,Olinda,Artesanato,0,0,1,1,11,7,4,50,7,3,2,0,0,0,0,3,18,21,1,1,0,1,1,96,4,7.142857142857143,0.16666666666666666
9d9508a3-ac2f-4d35-a059-16379cd542e5,add901ab-195c-4cbc-8534-0fda457b041f,70,1,Não informado,Performance,0,0,1,0,4,3,2,10,0,3,3,3,0,0,0,9,20,17,2,1,0,0,1,535,1,3.3333333333333335,0.45
83b1f5eb-0659-4393-9a21-999bdd933bbb,c84bb8d3-b493-4898-acf8-e9fb5a3420d1,100,1,Cabo de Santo Agostinho,Dança,1,1,1,1,9,7,4,90,4,3,2,0,4,0,1,9,20,14,2,1,1,1,1,722,2,12.857142857142858,0.45
89cb2572-4d34-49ef-aeee-9ee2b64dbe6f,6aa36fb2-3e8f-493b-9091-6f7e90dd1f73,50,1,Rio de Janeiro,Teatro,0,0,1,0,0,0,0,0,0,0,0,0,0,0,1,1,0,19,2,0,0,1,1,52,0,0.0,0.0
996f6364-40f5-4c08-9992-76161029e952,c8545bbe-a7c5-42b2-9178-347bc639e425,80,1,Cabo de Santo Agostinho,Literatura,0,0,1,0,0,0,0,0,0,2,1,0,0,0,0,3,0,22,1,0,0,1,1,348,0,0.0,0.0
beab86b1-fb2c-4b40-bc72-868bd19ff91e,b76fac73-c2f2-4cac-864c-e17a7c873dc2,100,1,Caruaru,Fotografia,0,0,1,1,10,7,3,66,8,1,2,3,0,2,4,7,2,15,3,1,1,1,1,372,3,9.428571428571429,3.5
1584d633-d5f6-43ad-8663-66d42d1b6e00,320e9ed1-5d4e-4f76-a56b-8b5b506b764a,100,1,Fortaleza,Fotografia,0,0,1,0,1,1,1,2,0,1,1,3,0,0,2,4,0,16,2,1,1,1,1,446,0,2.0,0.0
6ba8f8a9-581d-4767-bab3-d2180bd694ce,9fefc02d-e854-4359-b7c6-7dd2609f3249,80,1,Não informado,Artesanato,0,0,1,1,6,5,3,29,1,1,3,1,0,0,0,2,12,16,2,1,1,0,1,341,1,5.8,0.16666666666666666
dc67136c-fe92-46a3-a05d-9a1f0c474f79,931eb13d-6916-40b8-aed2-d76e16f66745,60,1,Jaboatão dos Guararapes,Performance,0,0,1,0,1,1,1,0,0,0,0,1,0,0,3,2,0,17,1,0,1,1,1,528,0,0.0,0.0
3b08c760-d206-4559-ae89-52f10ad27d24,d35a7ad4-3d63-4b6c-96e9-34c489c355ca,90,1,São Paulo,Performance,0,0,0,0,1,0,1,0,0,3,2,1,0,0,0,3,4,10,1,1,0,1,1,39,1,0.0,0.75
422fc642-564f-45a6-b4d2-89dca567365f,609177b8-b06a-4dfb-8390-072faf9e38e5,80,0,Belo Horizonte,Dança,1,0,1,1,5,4,3,26,3,2,3,1,0,0,1,7,10,18,0,0,0,1,1,519,1,6.5,0.7
a0d8fb13-abb2-4028-a1e8-07f3d1b93ae4,25b31d35-1109-4f91-82ff-c92c4a45c5e2,85,1,Paulista,Literatura,0,0,1,0,1,1,1,0,0,0,1,0,0,1,0,0,0,17,3,0,1,1,1,688,0,0.0,0.0
eca7106e-be23-4d72-b48b-4b8ca63dcdde,cb111330-bcca-48fa-a1cd-78c5445ae280,60,0,Não informado,Artesanato,0,0,1,0,0,0,0,0,0,2,4,1,0,0,4,0,0,22,3,0,0,0,1,61,0,0.0,0.0
1d52d191-9bd1-4863-8c44-14025c904c2b,930be058-e54a-40f9-bc52-9edc5f05134c,100,1,Camaragibe,Circo,1,0,0,0,0,0,0,0,0,1,1,1,0,0,0,4,10,21,3,1,1,1,1,386,0,0.0,0.4
5ed17341-43cf-4f43-8d90-2a9285c3dd14,6d2929ea-877d-4efd-a12d-587ea053e3ab,85,1,Belo Horizonte,Literatura,0,0,1,0,0,0,0,0,0,0,1,2,0,0,1,3,4,22,4,1,0,1,1,111,0,0.0,0.75
81101ee0-14b7-4b2b-bc72-9e38d9ffd943,97a499bd-85e5-49f4-95e8-1952791d88ca,95,1,Salvador,Fotografia,0,0,1,0,0,0,0,0,0,0,3,2,0,0,1,1,0,17,1,1,1,1,1,101,0,0.0,0.0
3489e06c-9e16-4559-ac64-841e92f2e8f7,5791b17c-16e2-45fd-a587-4608b58f363b,95,1,Salvador,Circo,0,0,1,1,1,1,1,1,1,0,3,4,0,0,0,1,0,12,4,1,1,1,1,165,0,1.0,0.0
61048b09-de3b-42f4-8b71-4cd11c08e060,680b6c67-1420-4498-867e-d6f114782984,75,1,Jaboatão dos Guararapes,Música,0,0,1,0,2,1,1,1,0,0,3,0,0,0,3,1,0,22,2,0,0,1,1,95,1,1.0,0.0
f9d52f7e-03b5-4f88-9079-74ec231f1759,e6d246b6-5dc4-466b-93ce-af96456fabf1,95,1,Rio de Janeiro,Artes Visuais,0,0,1,1,5,5,2,26,2,0,1,4,0,0,0,9,2,19,0,1,1,1,1,325,0,5.2,4.5
2c0c30f8-bf5f-46a2-bb22-3c611a7af4e7,e9479cb7-84e8-4034-9152-0aab1f90e026,65,1,Salvador,Dança,0,0,1,1,6,6,4,43,8,1,0,0,0,0,2,6,6,13,1,1,0,1,1,441,0,7.166666666666667,1.0
295663fe-daa5-4c58-8945-ab5fca76433a,a0779b59-bd4f-4c66-a7ce-8e6878f2bf16,100,1,Paulista,Artesanato,0,0,1,1,2,1,1,5,0,3,3,2,0,0,0,4,6,18,2,1,1,1,1,160,1,5.0,0.6666666666666666
95bee847-cc4b-4300-b36a-651ae76d7de7,656acbb1-9efd-4710-a37b-3502e6873bba,90,1,Salvador,Literatura,0,0,1,1,1,1,1,0,3,1,3,1,0,0,4,10,9,18,3,0,1,1,1,662,0,0.0,1.1111111111111112
73dcdb4f-913e-4f42-8d91-ae03960a6052,4507c4a7-c097-445e-9ca0-68acb0f4ea56,70,1,Garanhuns,Artesanato,0,0,0,1,2,2,1,1,0,0,0,2,0,0,0,2,0,14,2,1,1,1,1,605,0,0.5,0.0
15e4888d-544c-454d-8889-a9d57fa17a7b,a2dd60b6-e51a-4bff-acb9-e72ce823ccc1,75,0,Rio de Janeiro,Artesanato,1,0,1,0,0,0,0,0,0,0,2,0,0,0,3,0,0,19,2,0,0,1,1,582,0,0.0,0.0
c97528ee-5c1c-47a5-8f8d-71ac06073717,1c6fc878-c115-4ee3-ae6a-f1e0a6d7e46c,75,1,Rio de Janeiro,Artes Visuais,0,0,0,1,8,6,2,45,8,3,0,4,0,0,0,10,6,19,4,1,1,1,1,321,2,7.5,1.6666666666666667
e98f70ed-c2c0-483a-ac97-bcb6992a1371,d29778ea-062d-4d87-82d1-a3f2416a6897,100,1,Camaragibe,Artes Visuais,1,0,1,1,10,9,4,74,7,1,2,0,0,0,0,13,14,15,0,1,1,1,1,113,1,8.222222222222221,0.9285714285714286
e6225fac-37af-43fa-bdda-4c5d6d16b143,f6f05b88-3d42-45c6-a3cc-179c499751ee,85,1,Olinda,Literatura,0,0,1,1,0,0,0,0,0,0,3,2,0,0,2,1,2,18,1,1,0,1,1,296,0,0.0,0.5
31a4fa4e-dbc2-4982-a947-256d7185a2d7,4a70e4c4-954e-4ba3-931d-be584423e1e8,100,1,Salvador,Artesanato,1,0,1,1,8,7,4,34,6,3,1,1,0,0,4,12,6,14,1,1,1,1,1,409,1,4.857142857142857,2.0
c941e274-8c92-4888-836d-7d1074799db5,6b4273ed-b521-4da4-9546-19c7344eae2e,70,1,Não informado,Fotografia,0,0,1,1,8,8,4,110,0,1,2,0,0,0,3,6,0,16,2,1,0,0,1,327,0,13.75,0.0
d87943c7-896e-468b-8a48-83b946ca67b3,c36f69a0-6c0a-4739-92f7-052e342aee74,85,0,Fortaleza,Audiovisual,0,0,1,0,0,0,0,0,0,0,1,2,0,0,4,2,0,19,1,0,1,1,1,39,0,0.0,0.0
857b8340-db6f-4f74-a472-e53419317058,86fb51b4-8ceb-49af-a865-3bca3e47d90c,80,0,Belo Horizonte,Teatro,0,0,1,0,0,0,0,0,0,2,3,3,0,0,0,0,2,20,1,0,0,1,1,433,0,0.0,0.0
dae56412-f58e-451a-b4ce-3a97c76671a0,f79ab391-bc3f-452d-8715-e71d3716591e,85,1,Camaragibe,Performance,1,1,1,1,2,1,2,1,4,0,3,2,4,0,0,5,2,14,0,1,0,1,1,476,1,1.0,2.5
9cbe0770-85dd-4415-a5c8-733b66fb6bb8,9d58b712-3b26-4de7-a1be-597ab4d8ebef,100,1,Paulista,Teatro,0,0,1,1,7,4,4,23,1,2,4,1,0,0,1,8,0,13,3,1,1,1,1,356,3,5.75,0.0
9f33d7ff-62f7-4783-ae3c-3cd4d317804b,617cf5f5-a31a-41ba-9377-c78070964d23,90,1,Recife,Circo,0,0,1,0,5,5,2,9,6,1,3,2,0,0,0,6,4,11,6,1,0,1,1,462,0,1.8,1.5
f243df95-8309-4c02-84e3-d34469ee5a8f,86c4197b-18e2-4a13-88df-e9cfa991d52c,85,1,Salvador,Artes Visuais,0,0,1,0,0,0,0,0,0,0,3,0,0,0,3,2,2,21,0,1,0,1,1,55,0,0.0,1.0
8511764e-de06-4d77-9b72-7f207d38188f,74278066-db20-46a5-b736-42c430b33b6a,95,1,Rio de Janeiro,Circo,0,0,1,0,6,6,2,36,9,0,4,1,0,1,0,7,6,19,2,1,1,1,1,277,0,6.0,1.1666666666666667
1d4b0ab7-2e4d-4f7f-8da5-15ac1f360047,757f7340-1cd6-4b53-aad2-433853c291da,60,0,Caruaru,Não informado,1,0,1,1,4,3,2,32,0,2,4,2,0,0,2,8,14,6,3,1,0,1,0,550,1,10.666666666666666,0.5714285714285714
9d76a05a-3dfd-4a66-ad39-9b780b3b00b2,ed424470-533d-4a43-83bb-5a9fedd02b34,80,1,Camaragibe,Música,0,0,1,0,2,1,2,0,4,1,2,2,0,0,2,0,0,14,6,0,0,1,1,453,1,0.0,0.0
b70ca6e6-8953-49a8-8568-a1cf46e98ccb,1144fb4e-d14e-4dcc-9280-f2a0fa2ad7d6,80,0,São Paulo,Dança,0,0,0,0,1,0,1,0,0,1,4,0,0,0,0,1,4,17,2,0,0,1,1,405,1,0.0,0.25
7d88a9c8-d94c-4a8b-af7c-8ebe124cba00,373e9b73-7c76-41a6-b640-8047b64cc839,90,1,Garanhuns,Audiovisual,0,0,1,0,0,0,0,0,0,2,1,2,0,1,3,0,0,22,2,0,1,1,1,483,0,0.0,0.0
05264d1d-3927-4249-934e-10bd409d8de3,c058255f-5696-4089-8a7f-84d5f13469de,90,1,Rio de Janeiro,Artes Visuais,1,1,1,0,0,0,0,0,0,1,1,1,2,1,4,2,0,15,2,0,1,1,1,627,0,0.0,0.0
2179e8ac-8168-4354-a4cf-5e31d259d52b,236c120f-a2a0-441b-88f5-9b6f08b57e10,100,1,Caruaru,Teatro,0,0,0,1,1,1,1,4,0,1,1,2,0,0,0,5,0,12,4,1,1,1,1,554,0,4.0,0.0
3cf9cdf6-938d-4f0b-b99e-66e6cd3dc1c4,b7562087-65f4-482a-8f49-0105f400ff53,80,1,Rio de Janeiro,Artesanato,0,0,1,0,6,5,2,61,3,2,4,2,0,0,3,9,18,14,0,0,0,1,1,415,1,12.2,0.5
f83f9990-297d-497d-ac2a-6fe3a45668da,d41d4eb0-0226-4a5b-9a5a-34b86035ff5f,85,1,Paulista,Literatura,0,0,1,0,3,3,3,0,4,0,2,1,0,0,4,0,0,15,3,1,0,1,1,135,0,0.0,0.0
f36111f6-833d-4768-a19c-9863af3e20fc,cc75a02a-6662-4a79-beb9-35a1a671d85f,85,1,Cabo de Santo Agostinho,Artes Visuais,1,1,1,1,1,1,1,1,0,0,4,3,4,1,2,3,0,13,1,1,0,1,1,35,0,1.0,0.0
8e9a8e9a-95f8-44e8-98d6-acbe1e9bd7b7,2c2329c8-b980-420c-a285-a6bd8f405755,80,1,Caruaru,Dança,0,0,1,1,4,4,3,14,8,2,1,0,0,1,4,1,4,17,3,0,0,1,1,302,0,3.5,0.25
50f1535e-d2af-4fdc-b23d-34fb47b4e9db,60a2c120-43d6-4d6f-9d96-0b1dd9176d35,75,1,Jaboatão dos Guararapes,Circo,1,1,1,1,5,3,3,13,0,1,0,2,2,1,0,7,8,23,2,1,1,1,1,572,2,4.333333333333333,0.875
6f60cb1f-4be9-4787-be11-f2a95ba98317,cc4dcdd9-3559-430d-a779-1db4a5a7ae38,95,1,Petrolina,Fotografia,0,0,1,1,4,2,4,12,0,0,4,3,0,1,1,7,2,12,1,1,1,1,1,692,2,6.0,3.5
bb8af79f-823a-4820-b088-37146c7ba72d,a0e68b8a-1ea8-4a9e-9d38-02f57bf8636c,80,1,Não informado,Literatura,0,0,1,1,7,6,2,40,2,1,3,3,0,1,1,10,18,21,3,1,1,0,1,147,1,6.666666666666667,0.5555555555555556
5d460e9a-4221-4cb6-837f-c666c315162c,02036b40-e8cd-4ef8-9421-c1aba5161fc2,80,1,Não informado,Fotografia,0,0,0,1,10,8,3,45,13,3,4,4,0,1,0,11,10,16,3,1,1,0,1,645,2,5.625,1.1
6eb83054-f146-4986-8f60-2175df46e259,0a7c1427-0595-443f-978f-4c6dd0e844cd,60,1,Fortaleza,Artes Visuais,0,0,1,1,5,3,3,9,2,0,0,2,0,0,1,1,4,19,1,0,1,1,1,43,2,3.0,0.25
b2225a4e-4c59-4c49-8561-35d9070b92d6,75e0ada5-e800-4606-81ef-e0e2d1aaf3ab,90,1,Recife,Performance,0,0,1,0,4,0,2,0,0,1,3,3,0,1,1,3,4,14,5,0,1,1,1,490,4,0.0,0.75
d6f32232-3850-46f0-aac6-4ce2674c1823,bf9ef283-fcd5-445d-899d-9dce7710c3ee,90,1,Camaragibe,Audiovisual,0,0,1,1,2,2,1,5,4,3,2,2,0,1,3,6,0,13,3,1,0,1,1,34,0,2.5,0.0
c69fdbbd-66ed-49ce-9a62-58e57ca28d63,dbc4624e-419f-40a9-b2cf-d849138b18e8,95,1,Salvador,Audiovisual,1,1,1,1,6,5,3,38,0,0,2,3,1,0,3,10,6,14,4,1,1,1,1,243,1,7.6,1.6666666666666667
9595a9a1-d8db-4da6-95e9-2993a2aa2a1c,788541ae-2a67-401d-bcbb-2ceff6bba34a,100,1,Paulista,Artesanato,0,0,1,1,5,5,2,38,12,1,3,3,0,0,3,11,14,14,1,1,1,1,1,658,0,7.6,0.7857142857142857
cd17436a-9a7b-4dcb-87d2-247f7b1d421d,638350a5-64b0-4ee1-b207-3e4f86bbd8b1,55,1,Não informado,Teatro,0,0,1,1,4,3,1,10,4,0,3,3,0,0,4,2,0,15,5,0,0,0,1,640,1,3.3333333333333335,0.0
3d2074ed-39d1-4156-859e-fb5e3e1da926,17ee225c-bcdd-4384-b8f6-f8f71a6d6414,75,1,Paulista,Audiovisual,1,0,1,1,3,2,1,8,0,0,4,1,0,2,1,2,4,14,2,0,0,1,1,614,1,4.0,0.5
60865f7e-1f97-49b4-a9a6-1b28e26b5fe8,4e8da978-4d95-4e90-bdcc-26c50b80c1c1,100,1,Petrolina,Fotografia,0,0,1,0,12,11,4,96,4,3,3,3,0,0,3,11,16,11,0,1,1,1,1,432,1,8.727272727272727,0.6875
a5447147-6de7-40c2-b0cc-8dcd3358d9a4,700fc0df-3f6d-4295-a585-a3fe4ba905cb,75,1,Paulista,Performance,0,0,1,0,0,0,0,0,0,0,1,0,0,0,3,0,0,12,2,0,0,1,1,654,0,0.0,0.0
0a7478c8-de38-47ff-a3fa-f7774aa430b7,3b660dd2-210d-4fc2-a4cb-6c3fb0c37ce2,90,1,Belo Horizonte,Literatura,0,0,1,1,3,3,2,9,0,1,1,1,0,0,2,5,0,19,1,1,0,1,1,642,0,3.0,0.0
0c76c053-7eb3-4fd2-9100-a20e45587088,c237bf0d-1423-4078-8949-aea25545220a,85,1,São Paulo,Literatura,0,0,1,1,1,1,1,4,0,0,4,1,0,0,3,3,6,19,0,0,1,1,1,544,0,4.0,0.5
b78f752b-0347-4664-bc5a-39eead832378,3377f1e9-262a-4432-b769-93009e01449a,85,1,Petrolina,Literatura,0,0,1,1,5,5,3,18,0,0,4,3,0,1,0,3,10,12,0,0,1,1,1,654,0,3.6,0.3
89e7d1bd-dc57-4525-9abb-23c79478986d,ea9651b9-a7d1-438a-901e-9a29acb0f415,90,1,Salvador,Literatura,0,0,1,0,1,0,1,0,0,3,2,4,0,0,4,0,0,18,1,1,0,1,1,382,1,0.0,0.0
5923f696-aa9d-49f8-8301-0d431fe68f78,74760185-b8c6-43a5-9356-ba8846bd6459,75,1,Não informado,Literatura,0,0,1,1,9,8,3,89,13,0,3,3,0,0,2,14,6,16,1,1,1,0,1,183,1,11.125,2.3333333333333335
df2031ca-108b-457c-8783-67f40d93673e,711f062c-838e-40e9-8f9a-afb640300b1d,80,1,Não informado,Circo,0,0,0,1,8,7,4,57,6,3,1,3,0,0,0,8,12,18,1,1,1,0,1,610,1,8.142857142857142,0.6666666666666666
67f84400-26ea-429c-9bc1-2b2311616fb3,870422cb-e8fd-428b-8d02-af4b6c0cd405,100,1,Belo Horizonte,Circo,0,0,1,1,7,3,1,45,5,1,4,0,0,0,3,13,9,14,2,1,1,1,1,377,4,15.0,1.4444444444444444
12f9ff7e-63c6-4088-a8ba-ef9329e2cc2a,4acb3431-4616-450d-adf3-4497426021cb,90,1,Cabo de Santo Agostinho,Fotografia,0,0,1,1,7,7,2,84,5,3,4,4,0,1,3,10,2,17,2,0,1,1,1,182,0,12.0,5.0
36b8fa62-ea84-432a-a6bd-1d8dc635ea79,8b0b6f75-6427-415a-be2f-73229a519832,80,1,Paulista,Fotografia,1,1,1,1,1,1,1,0,0,2,3,1,5,1,3,2,2,21,2,0,0,1,1,314,0,0.0,1.0
f4015e86-ba4b-4f21-a824-c6e7dc9dfe60,77c155df-204d-47cc-a8a3-86d4c6840c53,75,1,Não informado,Teatro,0,0,0,0,0,0,0,0,0,0,2,0,0,1,0,0,0,23,2,1,1,0,1,631,0,0.0,0.0
9f4442e4-3028-45ad-8ba2-6de36257b992,3c7b9426-d1ae-4377-8386-1e7c841d53e6,75,1,Não informado,Literatura,0,0,1,0,4,2,3,15,5,0,1,3,0,0,3,6,0,22,2,1,1,0,1,589,2,7.5,0.0
07c9ebc6-ba0e-4601-bb40-ec8acb8445f5,f09c9ba1-3807-4d43-8ce2-66b56e0bb951,90,1,Cabo de Santo Agostinho,Literatura,0,0,1,0,1,1,1,2,3,1,4,0,0,2,1,2,0,17,1,1,0,1,1,689,0,2.0,0.0
868a6b5d-627e-470e-8cbf-0431f170d352,24a010ae-6730-4966-9bf2-a935659577e7,90,1,Fortaleza,Fotografia,1,1,1,1,8,8,3,64,0,3,2,1,2,1,1,9,18,16,3,0,1,1,1,654,0,8.0,0.5
52019541-2f0e-4d8e-89cc-d6b718a456b6,d201470f-357f-468a-bcfa-0cbf6e06eb51,100,1,Paulista,Fotografia,1,1,1,1,7,7,3,44,4,2,3,1,1,1,1,8,7,19,2,1,1,1,1,304,0,6.285714285714286,1.1428571428571428
3c6ef5ba-6307-40fe-ad83-98842863778c,88708633-d16d-4c1c-af53-09d6afe654a6,70,1,Não informado,Circo,0,0,1,1,10,8,3,57,14,3,1,1,0,1,2,7,6,15,1,1,0,0,1,437,2,7.125,1.1666666666666667
097cc044-10e8-4ada-a40f-a4e04299d18a,cd768bb9-2e5d-4a7f-afba-a1eddebef2cc,100,1,Caruaru,Fotografia,0,0,1,1,3,3,2,22,0,3,2,4,0,0,2,9,0,13,0,1,1,1,1,604,0,7.333333333333333,0.0
fb56cc93-b18d-454e-b3c0-10c8a47232f0,898476ed-4e27-44b5-9fb3-68deb7edb3c0,60,1,Fortaleza,Fotografia,0,0,0,1,0,0,0,0,0,0,0,1,0,1,0,1,0,17,3,0,1,1,1,560,0,0.0,0.0
26d99d4a-fe0a-4479-afd6-a97c519540da,6fef00a3-0791-4ecb-a272-5a52ec0b08b5,50,1,Garanhuns,Música,0,0,0,0,0,0,0,0,0,0,0,1,0,0,0,0,0,11,5,0,0,1,1,283,0,0.0,0.0
9e30885f-3a30-42c3-b03f-6772767d8938,458e6a79-c5b3-46b3-bdb3-1d1d7c526404,70,1,Não informado,Música,0,0,1,1,0,0,0,0,0,1,1,0,0,0,3,1,0,18,1,1,0,0,1,446,0,0.0,0.0
a2520cd3-4344-494b-92fd-af565c84ee20,3d84c898-816e-46c4-8cc9-ee11a0b59c76,85,1,Rio de Janeiro,Artesanato,0,0,1,1,4,3,3,7,4,0,3,0,0,0,1,5,0,18,1,1,0,1,1,158,1,2.3333333333333335,0.0
4d6d494b-9adc-4935-95dd-9656ba59c832,45b99909-48fe-4f5a-b6d9-0926556fbf31,75,1,Recife,Teatro,0,0,1,0,0,0,0,0,0,0,4,0,0,1,4,2,0,18,0,0,0,1,1,103,0,0.0,0.0
52b063ae-c46a-4932-a240-4b44b8584ac7,9486f3e8-a342-4ed6-a198-67d3284958fe,85,1,Olinda,Artes Visuais,0,0,1,1,3,1,3,6,0,0,4,3,0,0,4,8,0,28,2,1,0,1,1,375,2,6.0,0.0
b55832ea-287a-4653-bf5c-88c18225cef8,e4c119b2-923b-4ff9-ae5b-b4f1c233a8cc,100,1,Caruaru,Artesanato,0,0,0,1,4,3,1,28,2,3,1,3,0,0,0,9,10,18,1,1,1,1,1,136,1,9.333333333333334,0.9
92099746-b12d-40e2-a869-9807f7fc84c0,f89abb2f-3d0c-486a-aae3-2e1e9ad692ca,90,0,Salvador,Circo,1,1,1,0,3,2,3,27,3,3,3,3,0,2,1,8,12,9,2,1,0,1,1,667,1,13.5,0.6666666666666666
e522c872-a45c-407f-a806-576a8f475888,4d4b39f3-1d9a-48af-970c-7ab866a2dbd6,90,1,Camaragibe,Artesanato,1,0,1,1,9,7,4,57,3,3,4,1,0,0,4,16,0,16,4,1,0,1,1,459,2,8.142857142857142,0.0
281c0db0-bada-4d68-9834-8b0977f13316,006a564d-c471-4dca-898c-7dd4dd3c855c,90,1,Camaragibe,Música,1,0,1,1,2,1,2,7,0,3,3,0,0,0,1,7,0,12,3,1,0,1,1,229,1,7.0,0.0
911749b7-3918-482d-a346-723bc9a2599b,408ff1ec-bcf1-404a-8fee-28e052f1bb18,85,0,Jaboatão dos Guararapes,Literatura,1,1,1,1,2,2,2,9,2,0,3,3,5,2,0,8,10,28,2,0,1,1,1,149,0,4.5,0.8
8b623d10-fc96-4952-8a69-468a40a08a58,d55b9d2f-2d86-4bfa-86b5-e24dab301437,100,1,Jaboatão dos Guararapes,Audiovisual,0,0,1,1,9,7,3,67,13,3,3,0,0,0,1,8,15,15,1,1,1,1,1,631,2,9.571428571428571,0.5333333333333333
41d4267c-06da-4cf2-bbd2-9611a9ce388f,3afee9d4-e70e-4cbd-a70c-bfc43c1e9d31,75,1,Olinda,Artes Visuais,0,0,1,1,8,5,4,52,3,3,0,2,0,1,3,13,18,25,0,1,1,1,1,160,3,10.4,0.7222222222222222
af34420d-8219-48ad-8ac4-96ed2225beb1,7f720d7c-5dda-4592-9c0d-c637305b1e89,55,0,Fortaleza,Circo,1,0,1,1,3,3,2,3,0,2,0,4,0,0,2,0,2,21,4,0,0,1,1,717,0,1.0,0.0
24a39198-6edf-435d-b30e-613d19bca86d,7a3eef1c-f670-4e5b-84d3-efee5816ee7a,50,0,Salvador,Audiovisual,0,0,1,0,3,3,2,1,3,0,0,2,0,1,3,3,3,16,4,0,0,1,1,399,0,0.3333333333333333,1.0
f44de828-13e0-4197-84e0-aa306fe278ee,85612730-9e8b-4de0-a962-5e480aa9c533,60,0,Belo Horizonte,Performance,0,0,1,1,3,2,2,0,3,0,0,2,0,1,3,2,0,23,2,1,0,1,1,182,1,0.0,0.0
f2fb93dd-c220-4cad-885a-048d4e2490d1,22dc6a44-991d-4cbb-93a2-b8d7c2b30111,80,1,São Paulo,Circo,0,0,1,0,0,0,0,0,0,1,4,3,0,0,1,2,2,11,1,0,0,1,1,461,0,0.0,1.0
5f8377d3-f071-48ea-b54c-38c6beed754d,6dce1cf7-0216-43a9-b1e9-b30f8982d61e,85,1,Caruaru,Artesanato,0,0,1,0,0,0,0,0,0,0,3,3,0,1,4,0,0,25,2,1,0,1,1,188,0,0.0,0.0
1753ee17-39dd-4528-b2dc-d1b112c4e275,1ce35e67-a1d3-4001-bf87-bfeb98fbe3c7,85,1,Caruaru,Fotografia,0,0,1,1,4,2,1,14,0,0,1,4,0,0,3,3,4,17,1,0,1,1,1,352,2,7.0,0.75
a0acdc2e-d093-429e-9149-39d89f6b303f,d797a007-afac-44b3-becb-4ad378909eff,80,1,Petrolina,Música,0,0,1,1,4,3,3,5,0,3,1,0,0,0,3,2,10,23,2,0,0,1,1,508,1,1.6666666666666667,0.2
59fc81fd-ec50-4d59-8e47-a89b2bdedea6,2bb45725-bb62-4ab0-8a5b-0f48cd6f8844,65,0,Não informado,Circo,0,0,1,0,0,0,0,0,0,0,3,2,0,1,3,1,0,16,0,0,1,0,1,440,0,0.0,0.0
86b22c38-b834-4a4e-b500-63f84beec674,ddd2c311-b03f-4d36-88b2-1b1c0976eece,85,1,Belo Horizonte,Performance,0,0,1,0,0,0,0,0,0,0,2,0,0,0,1,3,0,19,5,0,1,1,1,466,0,0.0,0.0
a4823d26-46d6-434d-a32d-c0c69ea18cad,d1d47874-ba4f-4f87-be33-6385df5eaa4d,85,1,Petrolina,Circo,0,0,1,1,5,2,3,23,3,0,4,1,0,0,1,6,0,20,1,1,0,1,1,577,3,11.5,0.0
fded3757-b2a2-4619-bb65-216b172c7040,0c8868b3-0b64-47b7-bda9-d5b59022b60f,35,0,Não informado,Não informado,0,0,0,0,1,1,1,0,0,0,3,2,0,0,0,0,0,16,3,1,0,0,0,490,0,0.0,0.0
607b7e80-25b5-43bd-a89d-4632a1e2fab0,88009f05-38e9-4295-93a2-2aa6450b06cf,70,1,Camaragibe,Não informado,1,1,1,1,9,7,4,85,0,3,2,2,3,0,2,7,25,20,2,1,1,1,0,678,2,12.142857142857142,0.28
fc5aa010-1306-4cb5-aa7c-235627fa10c3,3d95f81f-dd9c-4852-b115-0c35bf4fbb1e,65,1,Garanhuns,Fotografia,1,0,1,1,4,3,2,7,2,2,0,2,0,0,0,4,4,19,2,1,0,1,1,709,1,2.3333333333333335,1.0
c385dfc1-9e2a-4934-a291-ad81e25c82cd,871f011e-10d2-482e-a94f-a7c03c2b57ea,90,1,Recife,Performance,0,0,1,1,1,1,1,3,0,3,2,2,0,1,2,6,14,18,1,1,0,1,1,290,0,3.0,0.42857142857142855
ebf63d73-ba6c-4783-bf27-5a39fb808ab3,2dc4b1fa-b920-45bc-a598-b575870c1084,90,1,Fortaleza,Dança,1,0,1,0,1,1,1,0,0,2,4,0,0,2,0,1,0,18,5,1,0,1,1,235,0,0.0,0.0
081bb47a-94dd-4331-8958-25fe06c27656,1ff12182-8976-4df9-bdca-bd7194678e09,100,1,Olinda,Dança,1,1,1,1,3,3,3,10,1,3,3,1,4,0,3,7,9,18,1,1,1,1,1,279,0,3.3333333333333335,0.7777777777777778
cb0b7d8d-0a3a-4992-aa7c-541912d80832,8f8edf22-2404-4fc3-83e2-930f3cf14c80,80,1,Belo Horizonte,Dança,0,0,0,0,5,3,2,6,6,1,2,2,0,1,0,4,0,15,2,0,0,1,1,405,2,2.0,0.0
09bfaae7-80cc-4daf-b384-2fe096bd4b32,c692c81e-93c9-4b20-845e-d1baf7a21200,75,1,Fortaleza,Circo,0,0,1,0,2,2,1,0,0,1,0,0,0,0,2,2,2,15,5,1,1,1,1,195,0,0.0,1.0
04b0e4ad-a7fe-4d2e-be97-8d4990457215,bd736e94-40ee-4f15-914e-38f64966a43c,95,1,Caruaru,Artes Visuais,0,0,1,1,4,4,3,16,1,0,4,0,0,1,4,6,2,15,1,1,1,1,1,533,0,4.0,3.0
ff0313cb-09d2-47d1-b905-f8819cfb3d88,800233a1-5b3b-44de-96ac-0462ef435afc,100,1,Fortaleza,Dança,0,0,0,1,7,6,4,46,1,1,1,4,0,0,0,11,2,16,0,1,1,1,1,337,1,7.666666666666667,5.5
cd26f278-7e59-45be-bbcb-300a04e9499e,981a4d92-3f49-4ec4-9a15-b56d04da628f,65,1,Fortaleza,Não informado,0,0,1,1,4,2,3,16,1,0,1,1,0,0,1,5,0,7,2,1,1,1,0,206,2,8.0,0.0
62c0e135-40b8-423d-b015-91dc2c1e5cd3,d1c68262-40ef-499a-bbc0-3297a2ff7e78,90,1,Paulista,Literatura,0,0,1,1,3,2,2,4,0,2,3,0,0,0,0,6,0,17,0,1,0,1,1,475,1,2.0,0.0
8b09001a-0528-4042-9016-2a8686be0340,bfe2f523-c4ec-40e1-a7f2-c6b38040b77c,85,1,Salvador,Teatro,0,0,0,0,4,4,2,1,3,0,3,2,0,1,0,0,0,17,4,0,1,1,1,207,0,0.25,0.0
b95a4e04-e617-4d5b-920b-1f8cfbd2d992,8f8e506c-67bf-47cf-a7d3-d124d86c5753,100,1,Camaragibe,Circo,1,0,1,0,6,5,3,28,6,2,4,4,0,2,4,13,14,17,0,1,1,1,1,268,1,5.6,0.9285714285714286
cc7f85ba-83de-41cd-b514-2f61a319e04b,c0c6400e-093c-4607-b256-6cdd7457b215,70,1,Fortaleza,Artesanato,0,0,1,1,6,5,2,38,7,0,0,3,0,2,1,8,14,17,2,1,1,1,1,590,1,7.6,0.5714285714285714
2baecbe5-7254-4370-9268-f513f27a4de8,735e9833-5f5b-4cf2-9536-4e0ad3c0c7d7,75,1,Salvador,Fotografia,1,1,1,1,10,8,4,74,4,3,0,0,3,0,0,12,10,18,0,1,1,1,1,46,2,9.25,1.2
ee8633c0-76f2-448e-b3bd-ab82a8153f0e,633bb0a2-b452-4474-805d-548e4d8a48ce,95,1,Rio de Janeiro,Performance,0,0,0,1,4,4,3,33,2,0,4,4,0,0,0,6,11,17,0,1,1,1,1,285,0,8.25,0.5454545454545454
72255668-9e00-4b4c-b020-80b7e57230a6,be63115f-3d8a-42b0-ae9f-1eaf009a1b03,65,1,Salvador,Não informado,1,1,1,1,4,3,3,7,3,0,2,2,0,1,1,4,0,16,1,1,1,1,0,461,1,2.3333333333333335,0.0
50c8badb-6a62-4b20-9cf1-f9ed20fcc69a,dbccedf7-cacf-4b9b-baec-b0a9d098189b,85,1,Fortaleza,Artesanato,0,0,1,1,3,3,2,13,3,0,1,1,0,1,2,5,8,25,1,1,0,1,1,484,0,4.333333333333333,0.625
24726578-ea6f-477b-9897-2306ca882ec2,1951508d-bd86-45c7-8efa-6d036b710261,100,1,Salvador,Teatro,0,0,1,1,6,6,3,53,3,3,1,2,0,1,0,4,4,17,1,1,1,1,1,77,0,8.833333333333334,1.0
eca706c1-232a-4dbd-9fb2-8ca9f7633b35,07cec282-e6e1-469e-8434-afab11a1c058,100,1,Paulista,Literatura,0,0,1,0,4,4,2,11,3,2,2,0,0,0,2,5,0,18,3,1,1,1,1,111,0,2.75,0.0
0c93e94e-1b24-4c31-9a14-22e6e6d3904f,91d3633a-139c-4586-996a-0c5d68d041ec,75,1,São Paulo,Literatura,0,0,1,1,4,3,4,15,3,0,4,3,0,0,2,1,6,14,1,0,0,1,1,281,1,5.0,0.16666666666666666
a98f9708-bbac-4a4a-996e-444723d865ea,5ceb7a30-f92a-4544-834e-3d89cd12ea95,75,1,Cabo de Santo Agostinho,Fotografia,0,0,0,1,5,5,3,50,1,1,0,1,0,0,0,11,10,15,1,1,1,1,1,228,0,10.0,1.1
d46a5980-baff-48ae-b4de-c86d54b4d8a0,6e47350f-de17-4870-94a8-546a8478d7df,75,1,Belo Horizonte,Música,0,0,1,1,2,2,1,0,0,0,3,2,0,0,1,0,0,23,1,0,0,1,1,529,0,0.0,0.0
32cd3cca-80b1-4f55-a0f5-58ac2f7fb235,414e1eba-b320-4a3d-a551-b896ffca5cbc,50,0,Fortaleza,Teatro,0,0,1,0,0,0,0,0,0,0,0,0,0,0,2,2,0,22,2,0,0,1,1,636,0,0.0,0.0
0d3044f7-c77e-4148-adf4-bdd9a9d599a6,290aa150-60b4-47bf-ba86-3a76c81ba001,50,0,Cabo de Santo Agostinho,Literatura,0,0,0,1,4,3,2,0,4,0,0,1,0,0,0,1,0,17,2,0,0,1,1,516,1,0.0,0.0
e95b1a8c-181e-4f15-8466-f13100c0ef14,5db30162-d718-4a81-9b82-7c2bb80c3992,90,1,Rio de Janeiro,Fotografia,0,0,1,1,5,5,3,23,4,2,2,2,0,0,0,7,4,18,3,1,0,1,1,76,0,4.6,1.75
45786c6a-8346-46b9-b801-14ac7b0f71db,d92c8bc0-4d51-4c59-a719-ff9a9230d3ff,100,1,Fortaleza,Literatura,1,0,0,1,8,7,3,57,0,3,3,3,0,1,0,7,16,15,1,1,1,1,1,496,1,8.142857142857142,0.4375
b90194dc-e648-48e1-969e-32df0b9cd30e,359eabf6-184f-4c9e-954b-951327140a86,100,1,Salvador,Circo,1,1,1,1,7,4,2,23,3,3,4,3,3,0,1,12,8,14,0,1,1,1,1,89,3,5.75,1.5
e750705d-0169-4b94-9437-01602e0d8091,c6213086-78fc-463b-8c16-a32a2c80ee1f,80,1,Belo Horizonte,Performance,0,0,1,0,0,0,0,0,0,2,1,0,0,1,1,3,0,10,3,0,0,1,1,72,0,0.0,0.0
a756d15a-8ed3-4d7e-8068-b1d0bddbc772,9b9add63-9b70-49f0-b3a7-c661546f38e3,50,1,Não informado,Não informado,0,0,1,0,7,5,4,37,5,3,3,0,0,0,2,8,6,10,1,1,1,0,0,713,2,7.4,1.3333333333333333
401bc616-87f7-4bf6-8710-0653059f69cf,c6869565-b916-4160-944d-934ccc4ea0d1,80,1,Belo Horizonte,Artes Visuais,0,0,1,1,9,7,4,39,6,3,1,3,0,0,0,11,15,26,2,0,0,1,1,171,2,5.571428571428571,0.7333333333333333
4d50486c-6bb4-4d47-a447-175e4d2c7dac,96c7f465-43dc-4060-8478-87f3361b4592,100,1,Olinda,Circo,1,1,1,1,7,6,3,28,0,2,1,1,4,1,0,5,13,17,6,1,1,1,1,589,1,4.666666666666667,0.38461538461538464
a87718e2-e214-4fce-910a-c7cb5b84d205,408e31c7-da0f-4008-b5a2-c0279f5e8f60,100,1,Salvador,Performance,0,0,1,1,2,2,2,1,0,3,4,4,0,2,0,2,0,14,3,1,1,1,1,673,0,0.5,0.0
15f009fd-0621-4c1d-825b-3b362200b52a,63ad134f-d6d1-4a3d-8c69-e67076b70018,100,1,Petrolina,Teatro,1,1,1,1,2,2,1,7,4,2,3,0,4,0,1,4,10,15,3,1,1,1,1,338,0,3.5,0.4
9b12133e-0a16-48e1-ad50-cf380c4205c7,8973f785-91d2-4adb-a14e-08db8a41330f,80,1,Recife,Dança,1,1,1,0,8,6,3,28,0,1,3,0,0,0,4,11,10,15,3,0,0,1,1,391,2,4.666666666666667,1.1
7e3181c7-0f95-40f6-ad0b-8f28c19cef47,8ad34e86-5e81-4ffc-8623-a65a2e1b664c,80,1,Não informado,Artesanato,0,0,1,1,2,2,2,11,2,3,1,3,0,0,0,7,4,15,2,1,1,0,1,642,0,5.5,1.75
d2bc2e2b-39a3-4810-a262-72e0cc867447,b5af114a-335f-4f1e-b604-b90f8ade6b2d,75,1,Olinda,Performance,0,0,1,0,0,0,0,0,0,3,0,1,0,2,3,0,0,22,0,1,1,1,1,133,0,0.0,0.0
f1aec930-47f8-44fd-9461-646195e8b6dc,08123c6d-9a84-41c7-9d5d-a021d38ee8d0,90,1,Fortaleza,Música,0,0,1,0,4,4,2,9,0,1,4,0,0,0,1,6,4,9,2,1,0,1,1,268,0,2.25,1.5
67ac21da-6da5-4c9b-9cca-82e3dcfdea97,8e24d1ce-0f1a-4749-8251-c1695ae3c99e,80,1,Fortaleza,Circo,0,0,0,0,0,0,0,0,0,1,1,0,0,0,0,3,0,17,2,0,0,1,1,660,0,0.0,0.0
4f8c6773-9453-451f-9a9c-568c22f0bc43,0fcc461f-0447-4d4f-ac0c-9fd472b0ce64,55,1,Não informado,Performance,0,0,1,1,0,0,0,0,0,0,3,2,0,0,2,0,0,23,1,0,0,0,1,574,0,0.0,0.0
b9bc001b-981b-4167-9336-ec6a0b25b840,ccfa3b2f-29d9-4022-8713-5eac51cf0e87,75,1,Não informado,Artesanato,0,0,1,1,4,3,3,28,0,0,2,3,0,0,3,8,4,15,3,1,1,0,1,366,1,9.333333333333334,2.0
c38fac71-6d90-48f1-8532-a07bf8a538c6,be00cac4-4749-4237-9d25-461a326502f7,100,1,Recife,Literatura,1,0,1,1,9,6,3,36,1,2,1,3,0,0,4,4,12,20,2,1,1,1,1,453,3,6.0,0.3333333333333333
61e5ac9c-5192-45cd-b810-ea18cf41be00,b7e73706-8d62-40c4-b6e1-b8b81dd973f1,60,0,Recife,Música,0,0,1,1,1,1,1,0,0,0,0,1,0,0,4,4,8,16,2,1,0,1,1,53,0,0.0,0.5
8dc52bc3-8b6e-4d50-8de7-522cea44fadf,05bb6a9f-9be5-47de-9938-cde5b03f88c8,80,1,Recife,Dança,1,0,1,1,4,3,1,15,2,2,2,0,0,1,2,4,6,18,1,0,0,1,1,249,1,5.0,0.6666666666666666
53fc605f-8a9d-4ff3-a942-0093839cea39,84e0ca73-3cfc-4e4e-853d-4b42f32c1ca4,85,1,Cabo de Santo Agostinho,Circo,0,0,0,0,1,0,1,0,0,0,1,2,0,1,0,3,0,20,1,1,0,1,1,581,1,0.0,0.0
b3c83454-560f-4344-a027-fed163594a34,dd1725b6-7c97-4ecd-b979-5ec24a5eabf3,75,0,São Paulo,Artesanato,0,0,0,0,0,0,0,0,0,0,3,1,0,0,0,0,0,18,1,0,0,1,1,407,0,0.0,0.0
92b112cb-e7aa-484c-9828-408dc6c1c65b,e46c0034-cedd-4572-a172-98154259a350,65,1,Cabo de Santo Agostinho,Artes Visuais,0,0,1,1,2,2,2,10,4,2,0,0,0,0,0,6,6,17,1,0,1,1,1,39,0,5.0,1.0
64583842-58fa-40c6-8097-6fca2e3b951f,a9ea6c0d-5bf3-42e2-acfc-bab955fd1848,100,1,São Paulo,Dança,1,1,1,0,3,2,3,7,4,3,2,3,0,0,1,5,6,27,5,1,1,1,1,628,1,3.5,0.8333333333333334
55c4ce8a-bec8-4a8d-befe-759de4c6a79b,ea451132-c218-4365-9e8f-c38ef47086e6,55,1,Olinda,Não informado,0,0,1,1,1,1,1,3,0,0,4,0,0,2,0,1,0,13,4,1,0,1,0,693,0,3.0,0.0
2d5f7f73-37e2-4145-921f-c31c34c42806,ab9edd8e-8c6b-4698-910a-02242d2af7f3,50,0,São Paulo,Performance,0,0,0,0,0,0,0,0,0,0,0,4,0,0,0,2,2,17,5,0,0,1,1,260,0,0.0,1.0
7c8ed1dc-db8f-48ba-b217-00c07fb2710e,a554fc04-1e6d-4161-ab0b-d77fd8b514b7,95,1,Fortaleza,Literatura,0,0,1,1,7,6,3,34,6,0,1,1,0,0,4,6,10,19,4,1,1,1,1,342,1,5.666666666666667,0.6
094251eb-ef62-449c-a0c6-3ab02ad7b6fa,3f622f94-9a12-4759-a179-d99d15284e01,80,1,Garanhuns,Literatura,0,0,0,0,0,0,0,0,0,1,1,2,0,1,0,2,0,9,0,0,0,1,1,449,0,0.0,0.0
710e37b1-f344-498e-ac25-ccdc6dc94053,39b3a36c-28ab-4864-80c3-dc49def8a948,60,1,São Paulo,Dança,1,1,0,0,2,2,2,0,7,0,0,2,2,0,0,0,0,11,2,0,1,1,1,675,0,0.0,0.0
0a31b012-57b8-49fa-958d-3169fc55930d,2aa52fc1-3c21-4ffe-b233-0831621fcbd1,80,0,Não informado,Performance,0,0,1,1,10,7,4,72,2,1,4,3,0,1,4,13,12,21,2,1,1,0,1,30,3,10.285714285714286,1.0833333333333333
5e9aa8b4-11f3-4d1e-a029-be2944c38279,0f9b3e66-ba92-4532-bd76-b3a5e0846222,60,0,Fortaleza,Não informado,0,0,1,0,0,0,0,0,0,1,1,0,0,0,3,6,4,12,1,1,0,1,0,325,0,0.0,1.5
b7f938da-7c69-4705-8f85-d6e4e0c6103a,36fabbac-2b7c-4b50-a4ce-beaba6bdb86b,85,1,Cabo de Santo Agostinho,Música,0,0,1,0,0,0,0,0,0,0,2,1,0,0,4,0,0,23,1,1,0,1,1,528,0,0.0,0.0
5bf64cf8-73e7-4f8f-8cdd-5f6f72b48653,c442909a-4562-49e0-a74b-03728ed52ed0,90,1,Petrolina,Teatro,0,0,1,1,2,2,2,17,4,3,4,3,0,0,0,12,6,20,0,1,0,1,1,497,0,8.5,2.0
a424c234-d6b6-43ab-a0ef-62aa55d0dcf4,02c04339-31fe-4013-92eb-c263cc2eda5c,100,1,Cabo de Santo Agostinho,Literatura,0,0,0,1,9,9,3,53,2,3,2,2,0,1,0,6,0,19,0,1,1,1,1,383,0,5.888888888888889,0.0
e5995941-301e-4c04-8084-0c08dd766fa7,5c6480d8-6325-4115-bfc6-53d4b4c1e055,20,0,Camaragibe,Não informado,0,0,0,1,0,0,0,0,0,0,0,2,0,1,0,0,0,18,2,0,0,1,0,629,0,0.0,0.0
45b4637c-b03b-40c0-a5bd-0a2fb84613ed,70974d59-340d-4bd6-b672-f5dd0660b7d0,100,1,Caruaru,Artes Visuais,0,0,1,1,9,7,4,56,12,3,2,4,0,1,2,9,24,25,2,1,1,1,1,352,2,8.0,0.375
d9c92c66-3947-4a4b-920e-a6020bb93d87,97387595-fc38-4b3b-8d2b-29260eafb311,85,1,Caruaru,Circo,0,0,1,0,0,0,0,0,0,0,3,2,0,0,0,3,0,12,0,0,1,1,1,123,0,0.0,0.0
7745aec0-bd13-423f-aa32-b01dfc55a1dd,116205ab-4dc0-4309-a95a-96a90aba3bec,100,1,Rio de Janeiro,Teatro,0,0,1,0,7,6,4,73,3,3,2,2,0,0,3,10,10,18,0,1,1,1,1,228,1,12.166666666666666,1.0
57f0991c-ffcf-4ff0-9b11-9a4a361c037c,70d84fb0-ca60-4eeb-8952-fb00583d19eb,85,0,Cabo de Santo Agostinho,Performance,1,1,1,1,5,5,2,25,8,0,1,0,1,0,2,4,2,17,1,0,1,1,1,339,0,5.0,2.0
268fa634-6f17-4894-a77a-f36474af9073,0dcd1c7a-6f7d-4602-b15c-9b0e015ee37e,95,1,Paulista,Dança,0,0,1,0,0,0,0,0,0,0,2,2,0,0,1,0,0,18,2,1,1,1,1,433,0,0.0,0.0
6fb5b05b-5749-40bd-a8a1-5a228f693d26,97c086db-3e52-4fc1-9e07-5016fbd79f9f,85,1,São Paulo,Performance,0,0,1,0,0,0,0,0,0,0,1,0,0,0,3,0,2,11,3,1,0,1,1,619,0,0.0,0.0
0ecd1a97-c7bd-4445-9064-ed87ca405f90,77e8af4b-665a-429a-9476-e8acbef730d8,90,1,Fortaleza,Artes Visuais,0,0,1,1,6,5,3,13,6,1,4,2,0,0,0,5,0,18,1,0,1,1,1,353,1,2.6,0.0
9de874ff-46df-40f6-9aad-c998814a7378,cbbcf8ec-1f71-4eee-a8ab-c610ddb269b4,50,0,Não informado,Não informado,0,0,1,0,1,0,1,0,0,3,4,1,0,0,2,6,6,18,2,1,1,0,0,312,1,0.0,1.0
7b3784f7-e2e2-49d3-a558-41b038a96a94,915c4187-5692-4615-b1ed-49e2fb649f30,100,1,Garanhuns,Fotografia,1,1,1,1,4,3,2,15,0,2,1,2,5,1,4,5,10,17,1,1,1,1,1,694,1,5.0,0.5
9a69a66a-e6d0-4de1-bb89-c40a7b74879f,011cb339-605f-4d41-b4ae-8cef9d1a0fe3,65,0,Recife,Música,0,0,1,0,0,0,0,0,0,1,0,2,0,0,3,2,2,20,3,1,0,1,1,566,0,0.0,1.0
0767601e-bbe4-4766-a560-0baba4892676,7a39e72b-9136-4f25-9246-9a63f1a613ee,90,1,Garanhuns,Audiovisual,1,0,1,1,6,4,3,29,5,1,3,3,0,0,1,5,6,22,2,1,0,1,1,311,2,7.25,0.8333333333333334
75bb13b8-bfe1-476e-bb32-11642522b5b6,4dec7452-e77c-43c1-841f-d4b602008f15,90,1,Paulista,Música,0,0,1,1,4,2,2,11,2,1,3,4,0,0,3,9,10,22,3,1,0,1,1,581,2,5.5,0.9
cdff0a40-0eb8-4d85-bb03-e93583e24df4,8028e4e7-5a63-4611-949d-0f2f1e48fa7f,95,1,Camaragibe,Artes Visuais,0,0,1,0,0,0,0,0,0,0,2,3,0,0,2,1,0,18,1,1,1,1,1,207,0,0.0,0.0
e30b400b-0def-4c45-ab5e-cb8e38bdb58c,2463fbd0-8b1b-40fc-bf2a-117472e81ef7,70,0,Não informado,Artesanato,0,0,1,1,2,2,2,7,7,1,3,1,0,0,1,5,4,19,4,1,0,0,1,398,0,3.5,1.25
5b251ab9-d8f0-498a-87b7-9a386867d6a2,5f6b5b4b-6e32-411a-969c-8d682bbc111b,90,1,Jaboatão dos Guararapes,Artes Visuais,1,1,1,0,0,0,0,0,0,3,3,4,3,1,3,3,4,12,7,1,0,1,1,470,0,0.0,0.75
b203a178-fa59-43dd-a276-869877305230,b160ee36-4e25-4975-857f-c3d91a5b88c0,70,1,Não informado,Teatro,0,0,0,1,6,5,3,44,5,3,3,2,0,2,0,10,2,29,3,0,1,0,1,326,1,8.8,5.0
6438e585-bc80-4e98-b7ba-5a27cb9037c6,81968139-a11f-45f1-b6dd-3f4acbafe236,95,1,Fortaleza,Performance,0,0,1,1,5,4,3,8,3,0,3,0,0,2,1,10,2,22,1,1,1,1,1,650,1,2.0,5.0
8aa355e5-2b36-4d77-96d0-467afc4852a7,3b94a901-158f-4499-a37b-19822efae398,100,1,São Paulo,Artes Visuais,1,1,1,1,4,4,2,20,0,3,4,3,5,0,1,5,4,18,2,1,1,1,1,377,0,5.0,1.25
03422d3c-9aad-4cde-ad55-1fc9124093e0,bf2292de-4f22-481e-8d5c-cd2990f62fbd,100,1,Camaragibe,Música,0,0,1,1,13,11,4,94,11,3,2,1,0,0,4,6,22,21,3,1,1,1,1,488,2,8.545454545454545,0.2727272727272727
577fea84-1a67-4650-bc05-071f45b27d9d,ccd26989-66d3-416b-94d8-28fbdefb3825,90,1,Belo Horizonte,Audiovisual,0,0,0,1,2,1,2,2,3,2,3,2,0,0,0,2,4,16,0,1,0,1,1,232,1,2.0,0.5
b8cfd2ec-b8ed-45a0-9e24-536b54cabaf6,f169b4ef-4155-4ae2-8a6a-9add8f206911,90,1,Jaboatão dos Guararapes,Literatura,0,0,0,0,0,0,0,0,0,3,2,2,0,0,0,0,0,9,3,1,0,1,1,191,0,0.0,0.0
35236a35-619f-4f90-a09a-2d24626a1ffb,c8721ae7-e860-4615-8673-2f647ace4188,95,1,Salvador,Fotografia,0,0,0,0,1,1,1,0,0,0,1,0,0,0,0,3,0,9,3,1,1,1,1,239,0,0.0,0.0
cea3413c-c149-45e7-abc9-21cea4fde742,18d3904f-0a4f-4df5-8c7b-9ff51e719560,90,1,Fortaleza,Audiovisual,1,1,0,1,5,4,3,48,2,3,2,2,0,1,0,9,11,25,3,0,1,1,1,84,1,12.0,0.8181818181818182
a65152f6-e285-43a8-a77e-f168cf369b0b,990fa4c2-371a-4431-afb8-5f293c5d319c,80,1,Petrolina,Dança,0,0,1,1,1,1,1,1,2,1,4,1,0,0,3,3,0,7,2,0,0,1,1,264,0,1.0,0.0
5dd54888-fbf7-47f6-8d59-fc9bacfc2f2a,1aaa618b-421b-418c-a0dc-ccf0d833609d,100,1,Camaragibe,Audiovisual,0,0,1,1,7,5,4,38,2,2,3,0,0,0,0,8,13,24,4,1,1,1,1,599,2,7.6,0.6153846153846154
1d14b38b-49bd-45f7-890b-0afab33f0670,2b80ab0b-de2a-410c-af5f-ac442c4edb28,90,1,São Paulo,Literatura,1,0,1,1,3,1,3,8,0,1,2,1,0,0,0,2,4,18,2,1,0,1,1,225,2,8.0,0.5
